timestamp,0/Active Power,1/Active Power
2023-05-01 00:00:29.713000,-0.824095606803894,1.4650551080703735
2023-05-01 00:01:29.604000,-0.7430838942527771,1.4706103801727295
2023-05-01 00:02:29.632000,-0.6721362471580505,1.4726810455322266
2023-05-01 00:03:29.774000,-0.6513347029685974,1.4867860078811646
2023-05-01 00:04:29.585000,-0.6601597666740417,1.4939500093460083
2023-05-01 00:05:29.687000,-0.8639219999313354,1.5020819902420044
2023-05-01 00:06:29.674000,-0.6938989758491516,1.51510751247406
2023-05-01 00:07:29.637000,-0.7145028710365295,1.5238540172576904
2023-05-01 00:08:29.557000,-0.8529157638549805,1.5315656661987305
2023-05-01 00:09:29.638000,-0.8256548047065735,1.538346290588379
2023-05-01 00:10:29.630000,-0.7663052678108215,1.5599054098129272
2023-05-01 00:11:29.556000,-0.8254432678222656,1.578606367111206
2023-05-01 00:12:29.654000,-0.8274153470993042,1.5860670804977417
2023-05-01 00:13:29.624000,-0.7176975607872009,1.5926331281661987
2023-05-01 00:14:29.623000,-0.6193222999572754,1.6033834218978882
2023-05-01 00:15:29.610000,-0.5577303767204285,1.6137361526489258
2023-05-01 00:16:29.618000,-0.5481667518615723,1.6249206066131592
2023-05-01 00:17:29.698000,-0.5616152882575989,1.629199743270874
2023-05-01 00:18:29.758000,-0.6553305387496948,1.6341482400894165
2023-05-01 00:19:29.587000,-0.6307666301727295,1.648171305656433
2023-05-01 00:20:29.710000,-0.6740456223487854,1.6560635566711426
2023-05-01 00:21:29.628000,-0.6204842925071716,1.668541669845581
2023-05-01 00:22:29.680000,-2.096688747406006,1.6868715286254883
2023-05-01 00:23:29.601000,-2.4157698154449463,1.6974307298660278
2023-05-01 00:24:29.669000,-1.4932887554168701,1.7056398391723633
2023-05-01 00:25:29.565000,-0.5972854495048523,1.7100245952606201
2023-05-01 00:26:29.580000,-0.602932333946228,1.7126429080963135
2023-05-01 00:27:29.681000,-0.7108771800994873,1.7343531847000122
2023-05-01 00:28:29.682000,-2.4290592670440674,1.7500392198562622
2023-05-01 00:29:29.544000,-2.48303484916687,1.7464356422424316
2023-05-01 00:30:29.658000,-2.5402634143829346,1.7587687969207764
2023-05-01 00:31:29.623000,-2.5508272647857666,1.7732845544815063
2023-05-01 00:32:29.689000,-2.57605242729187,1.7791178226470947
2023-05-01 00:33:29.656000,-2.622157096862793,1.7863452434539795
2023-05-01 00:34:29.579000,-2.6150083541870117,1.7942339181900024
2023-05-01 00:35:29.571000,-2.505140542984009,1.795652151107788
2023-05-01 00:36:29.653000,-2.5288138389587402,1.801422357559204
2023-05-01 00:37:29.559000,-2.607222318649292,1.810157060623169
2023-05-01 00:38:29.649000,-2.5880625247955322,1.812354564666748
2023-05-01 00:39:29.575000,-1.8548696041107178,1.8120285272598267
2023-05-01 00:40:29.671000,-1.4083783626556396,1.811629295349121
2023-05-01 00:41:29.591000,-1.3845829963684082,1.8355222940444946
2023-05-01 00:42:29.652000,-1.3742685317993164,1.8619390726089478
2023-05-01 00:43:29.587000,-1.2976595163345337,1.8915916681289673
2023-05-01 00:44:29.535000,-1.2447772026062012,1.910348653793335
2023-05-01 00:45:29.747000,-1.2047079801559448,1.9025604724884033
2023-05-01 00:46:29.625000,-1.0958583354949951,1.9098572731018066
2023-05-01 00:47:29.626000,-1.0677485466003418,1.9304120540618896
2023-05-01 00:48:29.566000,-1.0782382488250732,1.9282629489898682
2023-05-01 00:49:29.646000,-1.0427626371383667,1.936479926109314
2023-05-01 00:50:29.697000,-1.1149389743804932,1.944846272468567
2023-05-01 00:51:29.621000,-1.0903123617172241,1.9307117462158203
2023-05-01 00:52:29.560000,-1.110748052597046,1.9315413236618042
2023-05-01 00:53:29.540000,-1.0720163583755493,1.9608149528503418
2023-05-01 00:54:29.598000,-0.992295503616333,1.9898244142532349
2023-05-01 00:55:29.567000,-0.9426088929176331,1.9975892305374146
2023-05-01 00:56:29.637000,-0.9559310674667358,2.000074863433838
2023-05-01 00:57:29.645000,-0.9358533024787903,2.0034446716308594
2023-05-01 00:58:29.583000,-0.9028035402297974,2.001356363296509
2023-05-01 00:59:29.505000,-0.864853024482727,2.0105667114257812
2023-05-01 01:00:29.567000,-1.0110021829605103,2.0239720344543457
2023-05-01 01:01:29.614000,-1.1002312898635864,2.042552947998047
2023-05-01 01:02:29.503000,-0.9520310759544373,2.0533716678619385
2023-05-01 01:03:29.617000,-1.0196173191070557,2.0610148906707764
2023-05-01 01:04:29.551000,-0.9863436818122864,2.0714499950408936
2023-05-01 01:05:29.578000,-0.9953315854072571,2.0805587768554688
2023-05-01 01:06:29.629000,-1.004653811454773,2.0794777870178223
2023-05-01 01:07:29.535000,-1.0038036108016968,2.0868067741394043
2023-05-01 01:08:29.598000,-0.9886506199836731,2.1023988723754883
2023-05-01 01:09:29.606000,-1.0093597173690796,2.110750675201416
2023-05-01 01:10:29.594000,-1.0326260328292847,2.1258585453033447
2023-05-01 01:11:29.547000,-1.0782296657562256,2.1330835819244385
2023-05-01 01:12:29.551000,-1.0604743957519531,2.1189658641815186
2023-05-01 01:13:29.571000,-1.2466533184051514,2.1244051456451416
2023-05-01 01:14:29.619000,-1.2003368139266968,2.1165108680725098
2023-05-01 01:15:29.492000,-1.1710855960845947,2.1348178386688232
2023-05-01 01:16:29.605000,-1.0238964557647705,2.1474266052246094
2023-05-01 01:17:29.586000,-1.0004489421844482,2.1504786014556885
2023-05-01 01:18:29.496000,-1.027180790901184,2.1483678817749023
2023-05-01 01:19:29.499000,-1.00482976436615,2.1660356521606445
2023-05-01 01:20:29.515000,-1.030569076538086,2.18017315864563
2023-05-01 01:21:29.561000,-0.6259762644767761,2.180957078933716
2023-05-01 01:22:29.468000,-0.5421972870826721,2.1853103637695312
2023-05-01 01:23:29.501000,-0.4895983338356018,2.1864240169525146
2023-05-01 01:24:29.576000,-0.5056321024894714,2.206058979034424
2023-05-01 01:25:29.548000,-0.47329699993133545,2.211127996444702
2023-05-01 01:26:29.594000,-0.5168038010597229,2.205367088317871
2023-05-01 01:27:29.573000,-0.2752101719379425,2.1999711990356445
2023-05-01 01:28:29.590000,-0.2757076025009155,2.1946935653686523
2023-05-01 01:29:29.630000,-0.27572402358055115,2.2137703895568848
2023-05-01 01:30:29.556000,-0.26533180475234985,2.243793487548828
2023-05-01 01:31:30.269000,-0.4508614242076874,2.251969814300537
2023-05-01 01:32:29.622000,-0.4246405065059662,2.2513208389282227
2023-05-01 01:33:29.523000,-0.3859595060348511,2.234250068664551
2023-05-01 01:34:29.545000,-0.35655972361564636,2.2441723346710205
2023-05-01 01:35:29.549000,-0.29886531829833984,2.255805492401123
2023-05-01 01:36:29.466000,-0.2924811542034149,2.2683444023132324
2023-05-01 01:37:29.541000,-0.25388646125793457,2.2881360054016113
2023-05-01 01:38:29.552000,-0.22323782742023468,2.2873151302337646
2023-05-01 01:39:29.557000,-0.23949800431728363,2.2906196117401123
2023-05-01 01:40:29.523000,-0.2116432934999466,2.286360025405884
2023-05-01 01:41:29.737000,-0.25875771045684814,2.275444984436035
2023-05-01 01:42:29.561000,-0.2056710124015808,2.2789688110351562
2023-05-01 01:43:29.569000,-0.20990651845932007,2.3053953647613525
2023-05-01 01:44:29.587000,-0.380561500787735,2.303508758544922
2023-05-01 01:45:29.479000,-0.40834686160087585,2.313014030456543
2023-05-01 01:46:29.575000,-0.3999517560005188,2.307870388031006
2023-05-01 01:47:29.490000,-0.27303218841552734,2.3144240379333496
2023-05-01 01:48:29.474000,-0.2663634717464447,2.320382833480835
2023-05-01 01:49:29.569000,-0.2298939824104309,2.330979347229004
2023-05-01 01:50:29.472000,-0.21069107949733734,2.3455216884613037
2023-05-01 01:51:29.445000,-0.20263008773326874,2.3575034141540527
2023-05-01 01:52:29.547000,-0.26582100987434387,2.360968828201294
2023-05-01 01:53:29.547000,-0.4139576554298401,2.3608367443084717
2023-05-01 01:54:29.587000,-0.5136237144470215,2.3686304092407227
2023-05-01 01:55:29.552000,-0.49425050616264343,2.366133689880371
2023-05-01 01:56:29.528000,-0.5546152591705322,2.3553783893585205
2023-05-01 01:57:29.508000,-0.6177414655685425,2.350520610809326
2023-05-01 01:58:29.506000,-0.6938371062278748,2.3693442344665527
2023-05-01 01:59:29.550000,-0.6936904788017273,2.391347885131836
2023-05-01 02:00:29.462000,-0.6190409660339355,2.414691686630249
2023-05-01 02:01:29.468000,-0.6149200797080994,2.403890609741211
2023-05-01 02:02:29.426000,-0.608883261680603,2.4058897495269775
2023-05-01 02:03:29.466000,-0.6080490350723267,2.418555736541748
2023-05-01 02:04:29.473000,-0.47402137517929077,2.4286773204803467
2023-05-01 02:05:29.552000,-0.42003655433654785,2.434480905532837
2023-05-01 02:06:29.443000,-0.42175328731536865,2.4305179119110107
2023-05-01 02:07:29.519000,-0.4892718195915222,2.4219369888305664
2023-05-01 02:08:29.571000,-0.44821491837501526,2.427623987197876
2023-05-01 02:09:29.448000,-0.47421979904174805,2.4460206031799316
2023-05-01 02:10:29.544000,-0.4770602285861969,2.453357458114624
2023-05-01 02:11:29.555000,-0.403233140707016,2.471752166748047
2023-05-01 02:12:29.385000,-0.41148221492767334,2.490321159362793
2023-05-01 02:13:29.536000,-0.39111781120300293,2.495976686477661
2023-05-01 02:14:29.565000,-0.43357354402542114,2.4976017475128174
2023-05-01 02:15:29.472000,-0.5405060648918152,2.506068706512451
2023-05-01 02:16:29.489000,-0.5674381852149963,2.5010812282562256
2023-05-01 02:17:29.467000,-0.5396497249603271,2.498508930206299
2023-05-01 02:18:29.511000,-0.5103552341461182,2.499866247177124
2023-05-01 02:19:29.424000,-0.4731934070587158,2.518559217453003
2023-05-01 02:20:29.409000,-0.5279857516288757,2.5232458114624023
2023-05-01 02:21:29.396000,-0.44453251361846924,2.512514352798462
2023-05-01 02:22:29.494000,-0.3793974220752716,2.493274688720703
2023-05-01 02:23:29.499000,-0.378057062625885,2.495028257369995
2023-05-01 02:24:29.409000,-0.3593883812427521,2.5011792182922363
2023-05-01 02:25:29.424000,-0.3731825053691864,2.5149567127227783
2023-05-01 02:26:29.583000,-0.39267444610595703,2.5269956588745117
2023-05-01 02:27:29.392000,-0.36290282011032104,2.5251338481903076
2023-05-01 02:28:29.432000,-0.36886030435562134,2.5239899158477783
2023-05-01 02:29:29.535000,-0.4349523186683655,2.517427444458008
2023-05-01 02:30:29.459000,-0.4372314214706421,2.524806022644043
2023-05-01 02:31:29.416000,-0.45447400212287903,2.5243005752563477
2023-05-01 02:32:29.419000,-0.48681479692459106,2.5315918922424316
2023-05-01 02:33:29.451000,-0.5857333540916443,2.5376274585723877
2023-05-01 02:34:29.579000,-0.351844847202301,2.544402599334717
2023-05-01 02:35:29.494000,-0.27031517028808594,2.5606770515441895
2023-05-01 02:36:29.447000,-0.3059008717536926,2.5889978408813477
2023-05-01 02:37:29.548000,-0.2538013160228729,2.5898895263671875
2023-05-01 02:38:29.699000,-0.2678496241569519,2.573585271835327
2023-05-01 02:39:29.415000,-0.26020246744155884,2.5648083686828613
2023-05-01 02:40:29.466000,-0.3325238823890686,2.572809934616089
2023-05-01 02:41:29.474000,-0.36079147458076477,2.5677943229675293
2023-05-01 02:42:29.473000,-0.3567780554294586,2.5617408752441406
2023-05-01 02:43:29.487000,-0.35911688208580017,2.5607831478118896
2023-05-01 02:44:29.473000,-0.31494203209877014,2.5507655143737793
2023-05-01 02:45:29.415000,-0.3087034523487091,2.5452167987823486
2023-05-01 02:46:29.391000,-0.5152996778488159,2.5454976558685303
2023-05-01 02:47:29.489000,-0.5146521925926208,2.5526254177093506
2023-05-01 02:48:29.428000,-0.4254337549209595,2.5552961826324463
2023-05-01 02:49:29.482000,-0.38993141055107117,2.560896635055542
2023-05-01 02:50:29.476000,-0.3952513635158539,2.5810675621032715
2023-05-01 02:51:29.403000,-0.40665385127067566,2.5887937545776367
2023-05-01 02:52:29.470000,-0.3312618136405945,2.5954346656799316
2023-05-01 02:53:29.441000,-0.32666993141174316,2.6021018028259277
2023-05-01 02:54:29.363000,-0.2962849736213684,2.5978055000305176
2023-05-01 02:55:29.473000,-0.2999378740787506,2.605346202850342
2023-05-01 02:56:29.355000,-0.308819979429245,2.6092400550842285
2023-05-01 02:57:29.500000,-0.3021155297756195,2.607110023498535
2023-05-01 02:58:29.401000,-0.3652045428752899,2.60066556930542
2023-05-01 02:59:29.416000,-0.3744732737541199,2.597693920135498
2023-05-01 03:00:29.340000,-0.48650696873664856,2.604564905166626
2023-05-01 03:01:29.504000,-0.5145438313484192,2.620774030685425
2023-05-01 03:02:29.549000,-0.44468891620635986,2.6267647743225098
2023-05-01 03:03:29.480000,-0.4678741693496704,2.619415283203125
2023-05-01 03:04:29.411000,-0.607062578201294,2.620530605316162
2023-05-01 03:05:29.509000,-0.5176002383232117,2.6350748538970947
2023-05-01 03:06:29.351000,-0.40876278281211853,2.6411852836608887
2023-05-01 03:07:29.380000,-0.3445921540260315,2.631118059158325
2023-05-01 03:08:29.362000,-0.39948946237564087,2.626385450363159
2023-05-01 03:09:29.347000,-0.4269378185272217,2.625638961791992
2023-05-01 03:10:29.481000,-0.4544380307197571,2.635892629623413
2023-05-01 03:11:29.450000,-0.42841506004333496,2.6398394107818604
2023-05-01 03:12:29.445000,-0.39528465270996094,2.654446840286255
2023-05-01 03:13:29.474000,-0.3405468761920929,2.648470878601074
2023-05-01 03:14:29.473000,-0.3673199415206909,2.6420624256134033
2023-05-01 03:15:29.443000,-0.3365922272205353,2.6396238803863525
2023-05-01 03:16:29.430000,-0.39353519678115845,2.623664140701294
2023-05-01 03:17:29.431000,-0.4147302508354187,2.627654790878296
2023-05-01 03:18:29.457000,-0.4004247486591339,2.6310641765594482
2023-05-01 03:19:29.365000,-0.5168020129203796,2.628098726272583
2023-05-01 03:20:29.430000,-0.6038211584091187,2.624234676361084
2023-05-01 03:21:29.336000,-0.6103017926216125,2.62180233001709
2023-05-01 03:22:29.434000,-0.444366991519928,2.625286102294922
2023-05-01 03:23:29.400000,-0.4199625551700592,2.6379568576812744
2023-05-01 03:24:29.462000,-0.4012638032436371,2.6512434482574463
2023-05-01 03:25:29.444000,-0.436618834733963,2.655655860900879
2023-05-01 03:26:29.441000,-0.5718175172805786,2.652137279510498
2023-05-01 03:27:29.372000,-0.6241201162338257,2.660139322280884
2023-05-01 03:28:29.349000,-0.6123804450035095,2.6737403869628906
2023-05-01 03:29:29.345000,-0.7071254849433899,2.666851043701172
2023-05-01 03:30:29.456000,-0.7389733195304871,2.6648449897766113
2023-05-01 03:31:29.315000,-0.7215463519096375,2.6678199768066406
2023-05-01 03:32:29.352000,-0.8808909058570862,2.669309377670288
2023-05-01 03:33:29.537000,-0.7409598231315613,2.671778440475464
2023-05-01 03:34:29.323000,-0.6413685083389282,2.6965363025665283
2023-05-01 03:35:29.393000,-0.6517561078071594,2.7098727226257324
2023-05-01 03:36:29.452000,-0.7544146776199341,2.7257742881774902
2023-05-01 03:37:29.281000,-0.6920347213745117,2.7498984336853027
2023-05-01 03:38:29.469000,-0.6259640455245972,2.7265536785125732
2023-05-01 03:39:29.432000,-0.5793817639350891,2.699054718017578
2023-05-01 03:40:29.360000,-0.6396988034248352,2.649109125137329
2023-05-01 03:41:29.283000,-0.6516400575637817,2.6428539752960205
2023-05-01 03:42:29.440000,-0.6502462029457092,2.6584718227386475
2023-05-01 03:43:29.393000,-0.5736363530158997,2.643855571746826
2023-05-01 03:44:29.336000,-0.537302553653717,2.627006769180298
2023-05-01 03:45:29.382000,-0.4942827522754669,2.6417391300201416
2023-05-01 03:46:29.318000,-0.48494094610214233,2.6188197135925293
2023-05-01 03:47:29.453000,-0.4759490191936493,2.622415542602539
2023-05-01 03:48:29.462000,-0.49480685591697693,2.625661611557007
2023-05-01 03:49:29.377000,-0.5857497453689575,2.620408773422241
2023-05-01 03:50:29.382000,-0.6029612421989441,2.6052372455596924
2023-05-01 03:51:29.334000,-0.5395721197128296,2.6001193523406982
2023-05-01 03:52:29.342000,-0.48275381326675415,2.5913753509521484
2023-05-01 03:53:29.330000,-0.5219855904579163,2.5900845527648926
2023-05-01 03:54:29.415000,-0.48885899782180786,2.604187488555908
2023-05-01 03:55:29.290000,-0.4953586459159851,2.6222240924835205
2023-05-01 03:56:29.350000,-0.4669055938720703,2.618569850921631
2023-05-01 03:57:29.280000,-0.42701256275177,2.6324918270111084
2023-05-01 03:58:29.378000,-0.4469669759273529,2.6450533866882324
2023-05-01 03:59:29.346000,-0.42671892046928406,2.6399714946746826
2023-05-01 04:00:29.330000,-0.4224546253681183,2.6428439617156982
2023-05-01 04:01:29.365000,-0.4331444203853607,2.633354425430298
2023-05-01 04:02:29.361000,-0.4304254353046417,2.6189606189727783
2023-05-01 04:03:29.301000,-0.5148627758026123,2.631211280822754
2023-05-01 04:04:29.286000,-0.3833085596561432,2.6376285552978516
2023-05-01 04:05:29.288000,-0.3713618516921997,2.6279163360595703
2023-05-01 04:06:29.445000,-0.441848486661911,2.627480983734131
2023-05-01 04:07:29.385000,-0.5164918303489685,2.6340746879577637
2023-05-01 04:08:29.352000,-0.49008533358573914,2.6155734062194824
2023-05-01 04:09:29.385000,-0.4436207711696625,2.616518497467041
2023-05-01 04:10:29.324000,-0.6160441040992737,2.6069793701171875
2023-05-01 04:11:29.279000,-0.6309340000152588,2.6095821857452393
2023-05-01 04:12:29.519000,-0.6050630211830139,2.593595504760742
2023-05-01 04:13:29.361000,-0.6230928897857666,2.597356081008911
2023-05-01 04:14:29.342000,-0.7156974077224731,2.6051409244537354
2023-05-01 04:15:29.326000,-0.6471027135848999,2.594583034515381
2023-05-01 04:16:29.438000,-0.6725605726242065,2.599008321762085
2023-05-01 04:17:29.339000,-0.7140576839447021,2.5959951877593994
2023-05-01 04:18:29.454000,-0.6547545790672302,2.5939910411834717
2023-05-01 04:19:29.302000,-0.7414523363113403,2.600912570953369
2023-05-01 04:20:29.352000,-0.8286667466163635,2.608471632003784
2023-05-01 04:21:29.414000,-0.8354400396347046,2.5982167720794678
2023-05-01 04:22:29.318000,-0.6459550261497498,2.5967047214508057
2023-05-01 04:23:29.294000,-0.5060455203056335,2.6108877658843994
2023-05-01 04:24:29.277000,-0.5197133421897888,2.6212081909179688
2023-05-01 04:25:29.280000,-0.572465181350708,2.615335702896118
2023-05-01 04:26:29.412000,-0.5631933808326721,2.626471519470215
2023-05-01 04:27:29.281000,-0.5684571266174316,2.639681577682495
2023-05-01 04:28:29.352000,-0.5589867234230042,2.6361677646636963
2023-05-01 04:29:29.252000,-0.520407497882843,2.636613130569458
2023-05-01 04:30:29.255000,-0.4950443506240845,2.6275947093963623
2023-05-01 04:31:29.334000,-0.4134208559989929,2.626840114593506
2023-05-01 04:32:29.329000,-0.44227874279022217,2.6158125400543213
2023-05-01 04:33:29.337000,-0.40131616592407227,2.588693857192993
2023-05-01 04:34:29.345000,-0.4590469300746918,2.5905699729919434
2023-05-01 04:35:29.306000,-0.48279380798339844,2.578831672668457
2023-05-01 04:36:29.365000,-0.4966713786125183,2.5814154148101807
2023-05-01 04:37:29.321000,-0.5717717409133911,2.58850359916687
2023-05-01 04:38:29.398000,-0.6307119131088257,2.586369752883911
2023-05-01 04:39:29.217000,-0.5215885043144226,2.5722854137420654
2023-05-01 04:40:29.231000,-0.44302940368652344,2.5837485790252686
2023-05-01 04:41:29.267000,-0.4687620997428894,2.5841238498687744
2023-05-01 04:42:29.370000,-0.43721717596054077,2.583672285079956
2023-05-01 04:43:29.228000,-0.44820892810821533,2.5768611431121826
2023-05-01 04:44:29.295000,-0.4163723289966583,2.5599098205566406
2023-05-01 04:45:29.372000,-0.5082849860191345,2.565417528152466
2023-05-01 04:46:29.373000,-0.47764232754707336,2.55523419380188
2023-05-01 04:47:29.294000,-0.48742640018463135,2.540748357772827
2023-05-01 04:48:29.357000,-0.5176626443862915,2.5514140129089355
2023-05-01 04:49:29.321000,-0.46846720576286316,2.55000901222229
2023-05-01 04:50:29.276000,-0.4401131868362427,2.542785882949829
2023-05-01 04:51:29.237000,-0.5435341000556946,2.539252996444702
2023-05-01 04:52:29.280000,-0.5121033191680908,2.5552256107330322
2023-05-01 04:53:29.235000,-0.4220881760120392,2.5601468086242676
2023-05-01 04:54:29.286000,-0.3864731788635254,2.5688059329986572
2023-05-01 04:55:29.299000,-0.42061176896095276,2.526625871658325
2023-05-01 04:56:29.349000,-0.5308831930160522,2.55383038520813
2023-05-01 04:57:29.337000,-0.8342954516410828,2.5613386631011963
2023-05-01 04:58:29.303000,-0.9190255403518677,2.5382232666015625
2023-05-01 04:59:29.323000,-0.8746376037597656,2.522592782974243
2023-05-01 05:00:29.303000,-0.8432042002677917,2.5311391353607178
2023-05-01 05:01:29.256000,-0.8316717743873596,2.5202090740203857
2023-05-01 05:02:29.231000,-0.7162175178527832,2.5071098804473877
2023-05-01 05:03:29.260000,-0.6837670207023621,2.5074872970581055
2023-05-01 05:04:29.341000,-0.726087749004364,2.509446859359741
2023-05-01 05:05:29.378000,-0.7330945730209351,2.498751163482666
2023-05-01 05:06:29.310000,-0.7875683307647705,2.495429039001465
2023-05-01 05:07:29.309000,-0.7961209416389465,2.5073046684265137
2023-05-01 05:08:29.244000,-0.805882453918457,2.5214381217956543
2023-05-01 05:09:29.247000,-1.0412843227386475,2.514739990234375
2023-05-01 05:10:29.204000,-0.919151782989502,2.493976593017578
2023-05-01 05:11:29.268000,-0.8251209855079651,2.471492290496826
2023-05-01 05:12:29.212000,-0.8577721118927002,2.4600133895874023
2023-05-01 05:13:29.262000,-0.7409617900848389,2.462972402572632
2023-05-01 05:14:29.229000,-0.5892850160598755,2.46187162399292
2023-05-01 05:15:29.280000,-0.5461881756782532,2.455228328704834
2023-05-01 05:16:29.193000,-0.5154030323028564,2.4499189853668213
2023-05-01 05:17:29.207000,-0.9994388222694397,2.446674108505249
2023-05-01 05:18:29.267000,-0.5983150005340576,2.444430112838745
2023-05-01 05:19:29.188000,-0.6319682598114014,2.4464094638824463
2023-05-01 05:20:29.196000,-0.6249815225601196,2.4477617740631104
2023-05-01 05:21:29.333000,-0.5861434936523438,2.4457790851593018
2023-05-01 05:22:29.279000,-0.7152099013328552,2.4378700256347656
2023-05-01 05:23:29.326000,-0.6568828225135803,2.439584970474243
2023-05-01 05:24:29.235000,-0.6860750913619995,2.4303669929504395
2023-05-01 05:25:29.308000,-0.550727903842926,2.4044628143310547
2023-05-01 05:26:29.224000,-0.5747066140174866,2.3926308155059814
2023-05-01 05:27:29.234000,-0.6530840396881104,2.3830909729003906
2023-05-01 05:28:29.275000,-0.7088345885276794,2.37764048576355
2023-05-01 05:29:29.338000,-0.6030726432800293,2.378772497177124
2023-05-01 05:30:29.268000,-0.577716588973999,2.379379987716675
2023-05-01 05:31:29.192000,-0.5561338067054749,2.36824369430542
2023-05-01 05:32:29.236000,-0.5914496779441833,2.376154661178589
2023-05-01 05:33:29.194000,-0.5941242575645447,2.379117727279663
2023-05-01 05:34:29.254000,-0.6552319526672363,2.382533073425293
2023-05-01 05:35:29.341000,-0.6536304950714111,2.373699903488159
2023-05-01 05:36:29.225000,-0.5859798789024353,2.371765375137329
2023-05-01 05:37:29.265000,-0.5098645091056824,2.3739099502563477
2023-05-01 05:38:29.311000,-0.5533083081245422,2.353933811187744
2023-05-01 05:39:29.288000,-0.5867850184440613,2.3606913089752197
2023-05-01 05:40:29.309000,-0.6585545539855957,2.346607208251953
2023-05-01 05:41:29.289000,-0.6667921543121338,2.3371341228485107
2023-05-01 05:42:29.230000,-0.5112829804420471,2.3287503719329834
2023-05-01 05:43:29.301000,-0.5017217993736267,2.3252456188201904
2023-05-01 05:44:29.228000,-0.5024634599685669,2.315296173095703
2023-05-01 05:45:29.221000,-0.498605340719223,2.311401605606079
2023-05-01 05:46:29.380000,-0.5062210559844971,2.3151614665985107
2023-05-01 05:47:29.221000,-0.5120176076889038,2.3064887523651123
2023-05-01 05:48:29.180000,-0.5918057560920715,2.231812000274658
2023-05-01 05:49:29.248000,-0.5668885111808777,2.1123478412628174
2023-05-01 05:50:29.248000,-0.6165852546691895,2.0848731994628906
2023-05-01 05:51:29.357000,-0.546201229095459,2.0739850997924805
2023-05-01 05:52:29.199000,-0.5470443367958069,2.0538127422332764
2023-05-01 05:53:29.305000,-0.6095247268676758,2.0234830379486084
2023-05-01 05:54:29.190000,-0.6391480565071106,1.9792062044143677
2023-05-01 05:55:29.199000,-0.6735978126525879,1.8849048614501953
2023-05-01 05:56:29.154000,-0.5135511755943298,1.7273273468017578
2023-05-01 05:57:29.181000,-0.47731685638427734,1.6559873819351196
2023-05-01 05:58:29.243000,-0.45203572511672974,1.6411824226379395
2023-05-01 05:59:29.188000,-0.5234517455101013,1.6320359706878662
2023-05-01 06:00:29.217000,-0.5113284587860107,1.6380220651626587
2023-05-01 06:01:29.268000,-0.5369172096252441,1.6359230279922485
2023-05-01 06:02:29.145000,-0.5447892546653748,1.63956880569458
2023-05-01 06:03:29.259000,-0.5591138601303101,1.6348495483398438
2023-05-01 06:04:29.137000,-0.79671311378479,1.631304383277893
2023-05-01 06:05:29.242000,-1.0367348194122314,1.6193675994873047
2023-05-01 06:06:29.194000,-0.8259626030921936,1.6104987859725952
2023-05-01 06:07:29.233000,-0.8441717624664307,1.6036025285720825
2023-05-01 06:08:29.122000,-0.661169707775116,1.5937892198562622
2023-05-01 06:09:29.290000,-0.6574398279190063,1.5695503950119019
2023-05-01 06:12:19.265000,-0.8167935609817505,1.5564876794815063
2023-05-01 06:12:29.447000,-1.177683711051941,1.4981595277786255
2023-05-01 06:13:29.192000,-2.9211814403533936,1.2923400402069092
2023-05-01 06:14:29.125000,-2.8859219551086426,1.1601098775863647
2023-05-01 06:15:29.256000,-2.943700075149536,1.1261115074157715
2023-05-01 06:16:29.169000,-2.8611719608306885,1.1123508214950562
2023-05-01 06:17:29.267000,-3.0182437896728516,1.0828417539596558
2023-05-01 06:18:29.196000,-2.1396842002868652,1.3160769939422607
2023-05-01 06:19:29.263000,-0.7671502232551575,1.4342714548110962
2023-05-01 06:20:29.189000,-0.6809452176094055,1.4425119161605835
2023-05-01 06:21:29.173000,-0.7293658256530762,1.4347009658813477
2023-05-01 06:22:29.192000,-0.725658118724823,1.4220021963119507
2023-05-01 06:23:29.139000,-0.7150809168815613,1.407067060470581
2023-05-01 06:24:29.164000,-0.8784162402153015,1.384865403175354
2023-05-01 06:25:29.184000,-0.798723042011261,1.3969519138336182
2023-05-01 06:26:29.159000,-0.8712153434753418,1.3944458961486816
2023-05-01 06:27:29.224000,-0.6737638711929321,1.3784723281860352
2023-05-01 06:28:29.150000,-0.7745132446289062,1.2851300239562988
2023-05-01 06:29:29.267000,-0.9370298385620117,1.150561809539795
2023-05-01 06:30:29.275000,-0.9971311688423157,0.9631093740463257
2023-05-01 06:31:29.208000,-0.9421917200088501,0.8495480418205261
2023-05-01 06:32:29.180000,-0.7493352890014648,0.7869210839271545
2023-05-01 06:33:29.117000,-0.6568381190299988,1.1569467782974243
2023-05-01 06:34:29.117000,-0.6236702799797058,1.1543679237365723
2023-05-01 06:35:29.123000,-0.5903407335281372,1.158700942993164
2023-05-01 06:36:29.171000,-0.5669277906417847,1.1483429670333862
2023-05-01 06:37:29.228000,-0.563670814037323,1.1522210836410522
2023-05-01 06:38:29.212000,-0.6312735676765442,1.1452324390411377
2023-05-01 06:39:29.188000,-0.5489948987960815,1.120413899421692
2023-05-01 06:40:29.197000,-0.5491784811019897,1.103786826133728
2023-05-01 06:41:29.298000,-0.5378718376159668,1.078734040260315
2023-05-01 06:42:29.280000,-0.5497565865516663,0.981366753578186
2023-05-01 06:43:29.201000,-0.6033910512924194,0.8892636895179749
2023-05-01 06:44:29.134000,-0.6438773274421692,0.8219011425971985
2023-05-01 06:45:29.218000,-0.5292553901672363,0.7500365972518921
2023-05-01 06:46:29.194000,-0.4960314929485321,0.6739416718482971
2023-05-01 06:47:29.220000,-0.6572827100753784,0.6271965503692627
2023-05-01 06:48:29.342000,-0.5640658140182495,0.7048227190971375
2023-05-01 06:49:29.139000,-0.5814664363861084,0.7489873766899109
2023-05-01 06:50:29.096000,-0.6875942945480347,0.7306008338928223
2023-05-01 06:51:29.166000,-0.5730600357055664,0.7817609310150146
2023-05-01 06:52:29.227000,-0.5317339301109314,1.0734714269638062
2023-05-01 06:53:29.134000,-0.5867176055908203,1.0603930950164795
2023-05-01 06:54:29.077000,-0.48088017106056213,0.879429280757904
2023-05-01 06:55:29.192000,-0.5655140280723572,0.7945843935012817
2023-05-01 06:56:29.201000,-0.6819659471511841,0.8952889442443848
2023-05-01 06:57:29.185000,-0.9284980893135071,0.8984822630882263
2023-05-01 06:58:29.270000,-1.2006237506866455,0.8809912204742432
2023-05-01 06:59:29.184000,-1.0386292934417725,0.8383273482322693
2023-05-01 07:00:29.055000,-0.9684563875198364,0.770806074142456
2023-05-01 07:01:29.213000,-0.6152573227882385,0.6773694157600403
2023-05-01 07:02:29.095000,-0.5785565972328186,0.6226227283477783
2023-05-01 07:03:29.093000,-0.5994846820831299,0.595905065536499
2023-05-01 07:04:29.234000,-0.6150974631309509,0.5782426595687866
2023-05-01 07:05:29.090000,-0.5949941873550415,0.5844126343727112
2023-05-01 07:06:29.112000,-0.6121072173118591,0.5854509472846985
2023-05-01 07:07:29.118000,-0.572739839553833,0.5832922458648682
2023-05-01 07:08:29.131000,-0.6692190766334534,0.5811997056007385
2023-05-01 07:09:29.099000,-0.6194373369216919,0.5789250731468201
2023-05-01 07:10:29.170000,-0.6098868250846863,0.5720337629318237
2023-05-01 07:11:29.094000,-0.5888155698776245,0.5718138813972473
2023-05-01 07:12:29.091000,-0.5645369291305542,0.5697468519210815
2023-05-01 07:13:29.066000,-0.5769463181495667,0.5721321702003479
2023-05-01 07:14:29.157000,-0.6694949865341187,0.5855064988136292
2023-05-01 07:15:29.186000,-0.7468244433403015,0.6111629009246826
2023-05-01 07:16:29.110000,-0.7062500715255737,0.6485236883163452
2023-05-01 07:17:29.149000,-0.8061569929122925,0.6616857051849365
2023-05-01 07:18:29.193000,-0.6752642393112183,0.6125180721282959
2023-05-01 07:19:29.211000,-0.7292622327804565,0.5851671695709229
2023-05-01 07:20:29.195000,-0.7708074450492859,0.5752719640731812
2023-05-01 07:21:29.187000,-0.6910292506217957,0.5601524710655212
2023-05-01 07:22:29.134000,-0.6313443779945374,0.5579497814178467
2023-05-01 07:23:29.189000,-0.6343779563903809,0.5541793704032898
2023-05-01 07:24:29.103000,-0.5382158756256104,0.5522902011871338
2023-05-01 07:25:29.174000,-0.5855399370193481,0.5485683679580688
2023-05-01 07:26:29.153000,-0.6351804733276367,0.546777069568634
2023-05-01 07:27:29.209000,-0.8111461997032166,0.5372270941734314
2023-05-01 07:28:29.210000,-1.0357255935668945,0.5503959655761719
2023-05-01 07:29:29.147000,-1.0436207056045532,0.5500059723854065
2023-05-01 07:30:29.059000,-0.8828740119934082,0.5497949123382568
2023-05-01 07:31:29.165000,-0.5216590166091919,0.5549746751785278
2023-05-01 07:32:29.071000,-0.46714070439338684,0.5924593806266785
2023-05-01 07:33:29.060000,-0.4331328272819519,0.5731990337371826
2023-05-01 07:34:29.143000,-0.4544941782951355,0.5528602004051208
2023-05-01 07:35:29.174000,-0.4152700901031494,0.5466435551643372
2023-05-01 07:36:29.049000,-0.4418998062610626,0.6883054375648499
2023-05-01 07:37:29.236000,-0.46911683678627014,0.7332261800765991
2023-05-01 07:38:29.155000,-0.4917851388454437,0.7820301651954651
2023-05-01 07:39:29.202000,-0.5223461389541626,0.81694495677948
2023-05-01 07:40:29.099000,-0.5647581815719604,0.8415071368217468
2023-05-01 07:41:29.103000,-0.5775901079177856,0.8126575946807861
2023-05-01 07:42:29.040000,-0.5657944083213806,0.7613516449928284
2023-05-01 07:43:29.082000,-0.5145726203918457,0.6805734038352966
2023-05-01 07:44:29.074000,-0.5032321810722351,0.609359085559845
2023-05-01 07:45:29.100000,-0.5425829887390137,0.5686144232749939
2023-05-01 07:46:29.086000,-0.7239441871643066,0.5150735974311829
2023-05-01 07:47:29.067000,-0.6737372279167175,0.481651246547699
2023-05-01 07:48:29.044000,-0.800999104976654,0.4720306098461151
2023-05-01 07:49:29.113000,-0.6761986613273621,0.47656169533729553
2023-05-01 07:50:29.109000,-0.8302879929542542,0.474494069814682
2023-05-01 07:51:29.111000,-0.6536374092102051,0.4747038185596466
2023-05-01 07:52:29.147000,-0.6655616760253906,0.4729667901992798
2023-05-01 07:53:29.149000,-0.6414990425109863,0.47120383381843567
2023-05-01 07:54:29.150000,-0.5625653266906738,0.4717698395252228
2023-05-01 07:55:29.145000,-0.5121057629585266,0.4731857180595398
2023-05-01 07:56:29.169000,-0.7152669429779053,0.4713834822177887
2023-05-01 07:57:29.012000,-0.61882483959198,0.4705232083797455
2023-05-01 07:58:29.162000,-0.9255290031433105,0.46474453806877136
2023-05-01 07:59:29.146000,-1.0621731281280518,0.4620448350906372
2023-05-01 08:00:29.078000,-1.0478171110153198,0.45788267254829407
2023-05-01 08:01:28.979000,-0.7454481720924377,0.44817185401916504
2023-05-01 08:02:29.059000,-0.5042661428451538,0.4430758059024811
2023-05-01 08:03:29.116000,-0.4928673505783081,0.4393933117389679
2023-05-01 08:04:29.027000,-0.47660714387893677,0.44294652342796326
2023-05-01 08:05:28.998000,-0.5031846165657043,0.44103893637657166
2023-05-01 08:06:29.010000,-0.46593207120895386,0.43978554010391235
2023-05-01 08:07:29.070000,-0.5272699594497681,0.43702295422554016
2023-05-01 08:08:29.077000,-0.4577854871749878,0.4333985447883606
2023-05-01 08:09:29.083000,-0.6322200298309326,0.42755696177482605
2023-05-01 08:10:29.081000,-0.48643383383750916,0.4264652729034424
2023-05-01 08:11:29.056000,-0.4367903172969818,0.4297730326652527
2023-05-01 08:12:29.114000,-0.4162418246269226,0.43280503153800964
2023-05-01 08:13:29.103000,-0.3514300584793091,0.43392595648765564
2023-05-01 08:14:29.087000,-0.40462106466293335,0.438022643327713
2023-05-01 08:15:29.059000,-0.35933926701545715,0.42247140407562256
2023-05-01 08:16:28.987000,-0.3657277226448059,0.40937766432762146
2023-05-01 08:17:29.116000,-0.6678510308265686,0.3968498110771179
2023-05-01 08:18:29.055000,-0.6257317066192627,0.3908817172050476
2023-05-01 08:19:29.105000,-0.4860929250717163,0.38608166575431824
2023-05-01 08:20:29.183000,-0.6699234843254089,0.38120055198669434
2023-05-01 08:21:29.155000,-0.5086748600006104,0.38298341631889343
2023-05-01 08:22:29.081000,-0.4906028211116791,0.3820297420024872
2023-05-01 08:23:29.091000,-0.6324389576911926,0.38133054971694946
2023-05-01 08:24:29.063000,-0.4422660768032074,0.37955912947654724
2023-05-01 08:25:29.025000,-0.5785480737686157,0.376702219247818
2023-05-01 08:26:29.143000,-0.7413283586502075,0.3778545558452606
2023-05-01 08:27:29.048000,-0.8228486180305481,0.37964507937431335
2023-05-01 08:28:28.972000,-1.0588990449905396,0.37862256169319153
2023-05-01 08:29:29.054000,-1.063401699066162,0.3763982057571411
2023-05-01 08:30:29.093000,-1.1525051593780518,0.37610289454460144
2023-05-01 08:31:29.114000,-0.8597695231437683,0.3703548014163971
2023-05-01 08:32:29.032000,-0.8195188641548157,0.36965346336364746
2023-05-01 08:33:29.091000,-0.6572237610816956,0.36267900466918945
2023-05-01 08:34:29.032000,-0.5843531489372253,0.35630184412002563
2023-05-01 08:35:29.076000,-0.5887550711631775,0.34882643818855286
2023-05-01 08:36:29.075000,-0.6888177990913391,0.34620338678359985
2023-05-01 08:37:29.109000,-0.6562631130218506,0.342788964509964
2023-05-01 08:38:29.077000,-0.685067892074585,0.3382505476474762
2023-05-01 08:39:29,-0.5318043231964111,0.33495014905929565
2023-05-01 08:40:29.075000,-0.5326443910598755,0.33085787296295166
2023-05-01 08:41:28.994000,-0.5551756024360657,0.32369861006736755
2023-05-01 08:42:29.006000,-0.5162599682807922,0.3142547905445099
2023-05-01 08:43:29.060000,-0.49896782636642456,0.3082398474216461
2023-05-01 08:44:29.065000,-0.5009838938713074,0.3013928532600403
2023-05-01 08:45:29.067000,-0.4995909333229065,0.2997443974018097
2023-05-01 08:46:29.150000,-0.5804175734519958,0.2932354211807251
2023-05-01 08:47:28.994000,-0.789905309677124,0.2864585816860199
2023-05-01 08:48:29.106000,-0.7759332060813904,0.2799466550350189
2023-05-01 08:49:29.113000,-1.095686912536621,0.27638939023017883
2023-05-01 08:50:29.022000,-0.776224672794342,0.2722829282283783
2023-05-01 08:51:29.073000,-0.7463816404342651,0.26857635378837585
2023-05-01 08:52:29.022000,-0.8587062358856201,0.2659700810909271
2023-05-01 08:53:29.061000,-0.6972751021385193,0.26116105914115906
2023-05-01 08:54:29.059000,-0.7310479283332825,0.2593609690666199
2023-05-01 08:55:28.997000,-0.7449084520339966,0.25543293356895447
2023-05-01 08:56:29.015000,-0.6781024932861328,0.2501201331615448
2023-05-01 08:57:29.090000,-1.2117018699645996,0.24816589057445526
2023-05-01 08:58:28.959000,-3.2786524295806885,0.2463151216506958
2023-05-01 08:59:28.988000,-1.4808894395828247,0.24761466681957245
2023-05-01 09:00:28.943000,-1.2783663272857666,0.24285799264907837
2023-05-01 09:01:29.015000,-0.92547208070755,0.24235539138317108
2023-05-01 09:02:28.993000,-0.9631158709526062,0.2501528263092041
2023-05-01 09:03:29.083000,-0.8067939281463623,0.2509342133998871
2023-05-01 09:04:29.001000,-0.8327922821044922,0.2320820689201355
2023-05-01 09:05:28.935000,-0.8195481896400452,0.2243531495332718
2023-05-01 09:06:28.969000,-0.8324629068374634,0.22105057537555695
2023-05-01 09:07:29.030000,-0.82927405834198,0.21624615788459778
2023-05-01 09:08:29.030000,-0.740660548210144,0.21331149339675903
2023-05-01 09:09:28.986000,-0.7675614356994629,0.21138259768486023
2023-05-01 09:10:28.999000,-0.7566589713096619,0.20697544515132904
2023-05-01 09:11:28.986000,-0.8267804384231567,0.2046419382095337
2023-05-01 09:12:29.048000,-1.0284103155136108,0.20068368315696716
2023-05-01 09:13:29.035000,-1.1109716892242432,0.19603924453258514
2023-05-01 09:14:28.939000,-1.0015144348144531,0.19298481941223145
2023-05-01 09:15:28.964000,-1.1712361574172974,0.18936237692832947
2023-05-01 09:16:28.931000,-1.4253286123275757,0.18354365229606628
2023-05-01 09:17:29.026000,-1.3646888732910156,0.1772397756576538
2023-05-01 09:18:28.973000,-1.5625382661819458,0.17142310738563538
2023-05-01 09:19:28.907000,-1.3287516832351685,0.16579286754131317
2023-05-01 09:20:28.936000,-1.30489182472229,0.1604323536157608
2023-05-01 09:21:29.040000,-1.4377164840698242,0.15626755356788635
2023-05-01 09:22:29.009000,-1.1365221738815308,0.15242049098014832
2023-05-01 09:23:29.075000,-1.199079990386963,0.1489405333995819
2023-05-01 09:24:28.967000,-1.1761956214904785,0.14544542133808136
2023-05-01 09:25:29.106000,-1.1769700050354004,0.1412883698940277
2023-05-01 09:26:29.048000,-1.3569740056991577,0.13632318377494812
2023-05-01 09:27:28.970000,-1.4331574440002441,0.13200941681861877
2023-05-01 09:28:28.954000,-1.4436601400375366,0.12694668769836426
2023-05-01 09:29:28.986000,-1.3468093872070312,0.12191607803106308
2023-05-01 09:30:28.954000,-1.2817611694335938,0.11897637695074081
2023-05-01 09:31:28.873000,-1.257883906364441,0.11481320112943649
2023-05-01 09:32:28.935000,-1.0731276273727417,0.11242636293172836
2023-05-01 09:33:29.073000,-1.0047945976257324,0.10967990756034851
2023-05-01 09:34:28.892000,-1.010806679725647,0.10630175471305847
2023-05-01 09:35:29.005000,-0.9411722421646118,0.10386326909065247
2023-05-01 09:36:29.021000,-0.9703786373138428,0.10037437826395035
2023-05-01 09:37:29,-1.0133908987045288,0.0975421667098999
2023-05-01 09:38:29.010000,-0.960096001625061,0.09418706595897675
2023-05-01 09:39:28.930000,-1.0226017236709595,0.09070029854774475
2023-05-01 09:40:28.957000,-1.0239794254302979,0.08716828376054764
2023-05-01 09:41:29.043000,-1.0403308868408203,0.08392739295959473
2023-05-01 09:42:29.044000,-1.0156220197677612,0.08085503429174423
2023-05-01 09:43:29.034000,-0.9008864164352417,0.07701943069696426
2023-05-01 09:44:28.912000,-0.936376690864563,0.07410461455583572
2023-05-01 09:45:28.886000,-1.055880069732666,0.07062891870737076
2023-05-01 09:46:29.025000,-0.9070569276809692,0.06745252758264542
2023-05-01 09:47:28.904000,-1.1580992937088013,0.06470614671707153
2023-05-01 09:48:28.970000,-1.2202255725860596,0.06165619567036629
2023-05-01 09:49:29.040000,-1.0965818166732788,0.05857852101325989
2023-05-01 09:50:28.934000,-1.083768367767334,0.055428486317396164
2023-05-01 09:51:28.943000,-1.2498242855072021,0.051911480724811554
2023-05-01 09:52:29.005000,-1.293907880783081,0.029331926256418228
2023-05-01 09:53:28.901000,-1.165221929550171,0.015668043866753578
2023-05-01 09:54:28.962000,-1.177406907081604,0.014302651397883892
2023-05-01 09:55:29.005000,-1.5552054643630981,0.012970122508704662
2023-05-01 09:56:28.887000,-1.616411566734314,0.011437519453465939
2023-05-01 09:57:28.933000,-1.6275122165679932,0.009970378130674362
2023-05-01 09:58:28.902000,-1.4325733184814453,0.00868268869817257
2023-05-01 09:59:28.960000,-1.297145962715149,0.007286816369742155
2023-05-01 10:00:28.982000,-1.0952295064926147,0.005795421078801155
2023-05-01 10:01:28.917000,-1.093887448310852,0.004403805360198021
2023-05-01 10:02:28.956000,-1.0539302825927734,0.003104897914454341
2023-05-01 10:03:29.001000,-0.9379017949104309,0.001613857108168304
2023-05-01 10:04:28.941000,-0.9555547833442688,0.00046949999523349106
2023-05-01 10:05:28.928000,-0.9661679863929749,-0.0004286087059881538
2023-05-01 10:06:28.908000,-1.0045262575149536,-0.0016906444216147065
2023-05-01 10:07:28.894000,-0.9395133852958679,-0.0017478367080911994
2023-05-01 10:08:28.967000,-0.9820188879966736,-0.0012583148200064898
2023-05-01 10:09:28.981000,-0.9389297962188721,-0.002089595654979348
2023-05-01 10:10:28.867000,-1.1373693943023682,-0.002158466726541519
2023-05-01 10:11:28.905000,-1.2019144296646118,-0.0021192857529968023
2023-05-01 10:12:28.989000,-1.218092441558838,-0.001986733404919505
2023-05-01 10:13:28.859000,-1.2115886211395264,-0.002102999947965145
2023-05-01 10:14:29.029000,-1.330268144607544,-0.002111132023856044
2023-05-01 10:15:28.894000,-1.355206847190857,-0.0020902894902974367
2023-05-01 10:16:28.845000,-2.573847532272339,-0.0020178980194032192
2023-05-01 10:17:28.873000,-2.910365104675293,-0.0021021876018494368
2023-05-01 10:18:28.983000,-3.0404136180877686,-0.002109745517373085
2023-05-01 10:19:28.897000,-2.8354926109313965,-0.002098914934322238
2023-05-01 10:20:28.863000,-2.962050676345825,-0.0020971489138901234
2023-05-01 10:21:28.935000,-2.8947525024414062,-0.0020768221002072096
2023-05-01 10:22:28.940000,-2.939664602279663,-0.0020703673362731934
2023-05-01 10:23:28.963000,-3.229970932006836,-0.002092449925839901
2023-05-01 10:24:28.834000,-3.4611260890960693,-0.0020628541242331266
2023-05-01 10:25:28.894000,-3.5844104290008545,-0.0021268443670123816
2023-05-01 10:26:29.040000,-3.6077816486358643,-0.002153372159227729
2023-05-01 10:27:28.844000,-3.209521770477295,-0.00206142314709723
2023-05-01 10:28:28.877000,-2.9953713417053223,-0.0021139211021363735
2023-05-01 10:29:28.875000,-2.014202117919922,-0.002079404192045331
2023-05-01 10:30:28.874000,-2.1916427612304688,-0.002099586883559823
2023-05-01 10:31:28.863000,-2.1989777088165283,-0.00208122911863029
2023-05-01 10:32:28.932000,-2.116936683654785,-0.0020851052831858397
2023-05-01 10:33:28.917000,-2.0299623012542725,-0.0020740237087011337
2023-05-01 10:34:28.948000,-1.9865227937698364,-0.002069181762635708
2023-05-01 10:35:28.889000,-1.9391379356384277,-0.002102259313687682
2023-05-01 10:36:28.857000,-1.8831560611724854,-0.0021547272335737944
2023-05-01 10:37:28.912000,-1.890217661857605,-0.0020840789657086134
2023-05-01 10:38:28.877000,-1.8328105211257935,-0.0020500789396464825
2023-05-01 10:39:28.877000,-1.7666981220245361,-0.0020318999886512756
2023-05-01 10:40:28.850000,-1.696083903312683,-0.002104108687490225
2023-05-01 10:41:28.901000,-1.7409594058990479,-0.0021676470059901476
2023-05-01 10:42:28.818000,-1.8832696676254272,-0.002166238147765398
2023-05-01 10:43:28.962000,-1.7650952339172363,-0.0020634103566408157
2023-05-01 10:44:28.912000,-1.9177851676940918,-0.0020793054718524218
2023-05-01 10:45:28.808000,-1.8252384662628174,-0.002051309449598193
2023-05-01 10:46:28.840000,-1.928722858428955,-0.002116190502420068
2023-05-01 10:47:28.923000,-2.0811288356781006,-0.002152166562154889
2023-05-01 10:48:28.899000,-1.989378809928894,-0.002125744242221117
2023-05-01 10:49:28.806000,-1.8401356935501099,-0.002151106484234333
2023-05-01 10:50:28.851000,-1.6452492475509644,-0.0020810465794056654
2023-05-01 10:51:28.825000,-1.6673758029937744,-0.0021035103127360344
2023-05-01 10:52:28.896000,-2.0417327880859375,-0.0021682046353816986
2023-05-01 10:53:28.944000,-2.079296588897705,-0.0020889565348625183
2023-05-01 10:54:28.816000,-2.0421578884124756,-0.0020899148657917976
2023-05-01 10:55:28.891000,-1.893193244934082,-0.002090641064569354
2023-05-01 10:56:28.953000,-1.9035656452178955,-0.002116441959515214
2023-05-01 10:57:28.903000,-1.8449665307998657,-0.0021410221233963966
2023-05-01 10:58:29.027000,-1.8446727991104126,-0.0021388260647654533
2023-05-01 10:59:28.879000,-1.926539421081543,-0.002092441776767373
2023-05-01 11:00:28.785000,-1.97767174243927,-0.0021241537760943174
2023-05-01 11:01:28.878000,-1.9626727104187012,-0.002104718005284667
2023-05-01 11:02:28.924000,-1.817645788192749,-0.0020799317862838507
2023-05-01 11:03:28.911000,-1.8026169538497925,-0.0020482325926423073
2023-05-01 11:04:28.916000,-1.765949010848999,-0.0021026458125561476
2023-05-01 11:05:28.781000,-1.773811936378479,-0.0021029512863606215
2023-05-01 11:06:28.919000,-1.8187758922576904,-0.002096382901072502
2023-05-01 11:07:28.907000,-1.8075722455978394,-0.0020896459463983774
2023-05-01 11:08:28.783000,-1.6281490325927734,-0.002075590891763568
2023-05-01 11:09:28.832000,-1.627759575843811,-0.0020970208570361137
2023-05-01 11:10:28.881000,-1.5948735475540161,-0.002151953522115946
2023-05-01 11:11:28.912000,-1.72898268699646,-0.002152954461053014
2023-05-01 11:12:28.784000,-1.612578272819519,-0.0020406278781592846
2023-05-01 11:13:28.871000,-1.7146769762039185,-0.002138088922947645
2023-05-01 11:14:28.863000,-1.6049034595489502,-0.0019459110917523503
2023-05-01 11:15:28.757000,-1.5964685678482056,-0.002017139457166195
2023-05-01 11:16:28.859000,-1.510995864868164,-0.002082136459648609
2023-05-01 11:17:28.889000,-1.678325891494751,-0.0021263998933136463
2023-05-01 11:18:28.798000,-1.6801365613937378,-0.0021369787864387035
2023-05-01 11:19:28.824000,-1.4032485485076904,-0.002126880921423435
2023-05-01 11:20:28.766000,-1.5520294904708862,-0.002114181872457266
2023-05-01 11:21:28.864000,-1.7417693138122559,-0.002082914812490344
2023-05-01 11:22:28.775000,-1.6238278150558472,-0.0021325249690562487
2023-05-01 11:23:28.826000,-1.6388462781906128,-0.0021024150773882866
2023-05-01 11:24:28.817000,-1.3740125894546509,-0.002125822240486741
2023-05-01 11:25:28.955000,-1.3818262815475464,-0.002112609799951315
2023-05-01 11:26:28.837000,-1.3657020330429077,-0.002157674403861165
2023-05-01 11:27:28.749000,-1.2668238878250122,-0.002136537106707692
2023-05-01 11:28:28.799000,-1.217180848121643,-0.002108062384650111
2023-05-01 11:29:28.824000,-1.286357045173645,-0.0021201332565397024
2023-05-01 11:30:28.775000,-1.416915774345398,-0.0020885500125586987
2023-05-01 11:31:28.901000,-1.3964442014694214,-0.0020871777087450027
2023-05-01 11:32:28.757000,-0.9957388639450073,-0.002088719978928566
2023-05-01 11:33:28.822000,-0.7691855430603027,-0.002071864902973175
2023-05-01 11:34:28.803000,-0.7655133008956909,-0.002166780410334468
2023-05-01 11:35:28.879000,-0.7307653427124023,-0.0021801861003041267
2023-05-01 11:36:28.805000,-0.6801793575286865,-0.002071959199383855
2023-05-01 11:37:28.820000,-0.6905667781829834,-0.002070809481665492
2023-05-01 11:38:28.750000,-0.6970695853233337,-0.002203000010922551
2023-05-01 11:39:28.733000,-0.8350529670715332,-0.002080617006868124
2023-05-01 11:40:28.861000,-0.745422899723053,-0.0021343138068914413
2023-05-01 11:41:28.806000,-0.7854357957839966,-0.0021647843532264233
2023-05-01 11:42:28.812000,-0.7036136388778687,-0.0020598398987203836
2023-05-01 11:43:28.856000,-0.6536186933517456,-0.00210439576767385
2023-05-01 11:44:28.824000,-0.7584475874900818,-0.0021951592061668634
2023-05-01 11:45:28.801000,-0.6530102491378784,-0.002136104041710496
2023-05-01 11:46:28.818000,-0.712194561958313,-0.0021559998858720064
2023-05-01 11:47:28.765000,-0.9394251704216003,-0.0021613333374261856
2023-05-01 11:48:28.716000,-0.8384226560592651,-0.0021406342275440693
2023-05-01 11:49:28.830000,-0.9649980068206787,-0.0021360181272029877
2023-05-01 11:50:28.750000,-1.0471657514572144,-0.0021481276489794254
2023-05-01 11:51:28.733000,-1.1213313341140747,-0.0021233654115349054
2023-05-01 11:52:28.854000,-1.0027886629104614,-0.0021299333311617374
2023-05-01 11:53:28.754000,-0.771953821182251,-0.0021679347846657038
2023-05-01 11:54:28.701000,-0.8165819644927979,-0.00219054170884192
2023-05-01 11:55:28.881000,-0.8312692046165466,-0.002145152073353529
2023-05-01 11:56:28.797000,-0.8219252228736877,-0.002134122420102358
2023-05-01 11:57:28.712000,-0.7548824548721313,-0.0021537754219025373
2023-05-01 11:58:28.877000,-0.738570511341095,-0.0022145917173475027
2023-05-01 11:59:28.883000,-0.8141182065010071,-0.0021738249342888594
2023-05-01 12:00:28.747000,-0.8738061785697937,-0.0021356800571084023
2023-05-01 12:01:28.923000,-0.844840943813324,-0.002180795418098569
2023-05-01 12:02:28.692000,-0.7527046799659729,-0.002160782692953944
2023-05-01 12:03:29.021000,-0.7049480080604553,-0.002161217387765646
2023-05-01 12:04:28.730000,-0.7210883498191833,-0.0021523809991776943
2023-05-01 12:05:28.773000,-0.707051157951355,-0.002171022119000554
2023-05-01 12:06:28.748000,-0.6607047319412231,-0.0021645952947437763
2023-05-01 12:07:28.788000,-0.624894380569458,-0.0021649999544024467
2023-05-01 12:08:28.818000,-0.7666826248168945,-0.0021433751098811626
2023-05-01 12:09:28.828000,-0.6581321358680725,-0.002206499921157956
2023-05-01 12:10:28.880000,-0.8338839411735535,-0.0022425674833357334
2023-05-01 12:11:28.707000,-0.7436825037002563,-0.0021695555187761784
2023-05-01 12:12:28.743000,-0.7351954579353333,-0.0021668635308742523
2023-05-01 12:13:28.689000,-0.7365880608558655,-0.002155829221010208
2023-05-01 12:14:28.699000,-0.5599939227104187,-0.002146437531337142
2023-05-01 12:15:28.681000,-0.7215302586555481,-0.0021808973979204893
2023-05-01 12:16:28.734000,-0.6288371086120605,-0.0021556939464062452
2023-05-01 12:17:28.931000,-0.7357825636863708,-0.0021635417360812426
2023-05-01 12:18:28.824000,-1.0698843002319336,-0.002136222319677472
2023-05-01 12:19:28.746000,-1.0628533363342285,-0.0020894117187708616
2023-05-01 12:20:28.705000,-1.027530312538147,-0.0021455332171171904
2023-05-01 12:21:28.800000,-0.9382670521736145,-0.0021619386970996857
2023-05-01 12:22:28.694000,-0.8699818253517151,-0.0021726733539253473
2023-05-01 12:23:28.804000,-0.852221667766571,-0.0021678332705050707
2023-05-01 12:24:28.731000,-0.837313711643219,-0.0021921051666140556
2023-05-01 12:25:28.681000,-0.83143550157547,-0.0021666279062628746
2023-05-01 12:26:28.698000,-0.7820916771888733,-0.0021722340025007725
2023-05-01 12:27:28.714000,-0.7490128874778748,-0.0021850464399904013
2023-05-01 12:28:28.710000,-0.8144170045852661,-0.0020999598782509565
2023-05-01 12:29:28.752000,-0.8199228644371033,-0.002194136381149292
2023-05-01 12:30:28.796000,-0.9610044956207275,-0.0021475348621606827
2023-05-01 12:31:28.804000,-1.0642160177230835,-0.002173439133912325
2023-05-01 12:32:28.691000,-1.019121527671814,-0.0021908157505095005
2023-05-01 12:33:28.679000,-0.9285292625427246,-0.0021860243286937475
2023-05-01 12:34:28.741000,-0.8551146984100342,-0.0022623061668127775
2023-05-01 12:35:28.729000,-0.915515124797821,-0.002188188722357154
2023-05-01 12:36:28.791000,-0.8704744577407837,-0.00221357773989439
2023-05-01 12:37:28.805000,-1.1388686895370483,-0.0021330425515770912
2023-05-01 12:38:28.661000,-0.9368446469306946,-0.002222613664343953
2023-05-01 12:39:28.764000,-1.043605089187622,-0.002199759241193533
2023-05-01 12:40:28.969000,-0.9024804830551147,-0.002161522628739476
2023-05-01 12:41:28.771000,-0.8664613366127014,-0.002202129689976573
2023-05-01 12:42:28.694000,-1.0494428873062134,-0.0022943499498069286
2023-05-01 12:43:28.687000,-1.0107563734054565,-0.0021862308494746685
2023-05-01 12:44:28.681000,-1.1474254131317139,-0.0021941817831248045
2023-05-01 12:45:28.746000,-1.0163938999176025,-0.002123214304447174
2023-05-01 12:46:28.697000,-0.9758998155593872,-0.0022075555752962828
2023-05-01 12:47:28.790000,-1.263734221458435,-0.002118767471984029
2023-05-01 12:48:28.656000,-1.5205707550048828,-0.0021454389207065105
2023-05-01 12:49:28.732000,-1.4229180812835693,-0.0022081395145505667
2023-05-01 12:50:28.658000,-1.20947265625,-0.002195918932557106
2023-05-01 12:51:28.762000,-0.8828610777854919,-0.002118916716426611
2023-05-01 12:52:28.723000,-0.9420719146728516,-0.0021874799858778715
2023-05-01 12:53:28.673000,-0.9917086362838745,-0.002196039305999875
2023-05-01 12:54:28.704000,-0.9858338832855225,-0.0021788333542644978
2023-05-01 12:55:28.860000,-0.8984219431877136,-0.0021351841278374195
2023-05-01 12:56:28.790000,-0.8392360210418701,-0.0021758126094937325
2023-05-01 12:57:28.651000,-0.8713414072990417,-0.0021123250480741262
2023-05-01 12:58:28.752000,-0.7802547216415405,-0.002199387177824974
2023-05-01 12:59:28.658000,-0.7941641211509705,-0.0021273226011544466
2023-05-01 13:00:28.661000,-0.8941414952278137,-0.002205840079113841
2023-05-01 13:01:28.627000,-0.8574603199958801,-0.0021817500237375498
2023-05-01 13:02:28.646000,-0.8493871092796326,-0.002163592493161559
2023-05-01 13:03:28.670000,-0.8310346603393555,-0.002144081052392721
2023-05-01 13:04:28.762000,-0.7614457607269287,-0.002277923049405217
2023-05-01 13:05:28.767000,-0.775318443775177,-0.0021124444901943207
2023-05-01 13:06:28.637000,-0.91603022813797,-0.0021866285242140293
2023-05-01 13:07:28.708000,-0.7528814077377319,-0.0021923158783465624
2023-05-01 13:08:28.770000,-0.9153967499732971,-0.0022167142014950514
2023-05-01 13:09:28.646000,-0.7457935810089111,-0.0021599556785076857
2023-05-01 13:10:28.732000,-0.8193771839141846,-0.002187522826716304
2023-05-01 13:11:28.630000,-0.8801102042198181,-0.0022477442398667336
2023-05-01 13:12:28.688000,-0.7610056400299072,-0.0021056807599961758
2023-05-01 13:13:28.701000,-0.8590372800827026,-0.002104641404002905
2023-05-01 13:14:28.631000,-0.6903850436210632,-0.0021116945426911116
2023-05-01 13:15:28.649000,-0.6800187826156616,-0.002098306082189083
2023-05-01 13:16:28.661000,-1.0247639417648315,-0.002377941273152828
2023-05-01 13:17:28.685000,-1.1516952514648438,-0.0021643999498337507
2023-05-01 13:18:28.727000,-1.3337808847427368,-0.002170186024159193
2023-05-01 13:19:28.731000,-1.0149421691894531,-0.0021513912361115217
2023-05-01 13:20:28.786000,-0.7469969391822815,-0.0023355348967015743
2023-05-01 13:21:28.706000,-0.755659282207489,-0.0021565908100456
2023-05-01 13:22:28.734000,-0.7062457203865051,-0.002343500033020973
2023-05-01 13:23:28.751000,-0.6938289403915405,-0.002177372109144926
2023-05-01 13:24:28.676000,-0.6154053807258606,-0.0022082726936787367
2023-05-01 13:25:28.644000,-0.6298255920410156,-0.002072630450129509
2023-05-01 13:26:28.747000,-0.6534652709960938,-0.0021269535645842552
2023-05-01 13:27:28.763000,-0.8034983277320862,-0.0022441064938902855
2023-05-01 13:28:28.730000,-0.9545305371284485,-0.002204288961365819
2023-05-01 13:29:28.656000,-0.9441351294517517,-0.0022132652811706066
2023-05-01 13:30:28.737000,-1.0632338523864746,-0.002207877580076456
2023-05-01 13:31:28.681000,-1.1464157104492188,-0.002132928464561701
2023-05-01 13:32:28.761000,-1.0406062602996826,-0.002292071469128132
2023-05-01 13:33:28.662000,-0.8196676969528198,-0.0021305778063833714
2023-05-01 13:34:28.592000,-0.7872799634933472,-0.0020859427750110626
2023-05-01 13:35:28.732000,-0.9116033911705017,-0.0022770713549107313
2023-05-01 13:36:28.663000,-0.7751462459564209,-0.002181918825954199
2023-05-01 13:37:28.608000,-0.876818060874939,-0.0021150000393390656
2023-05-01 13:38:28.586000,-0.7596036195755005,-0.0021841861307621002
2023-05-01 13:39:28.626000,-0.7242807149887085,-0.0021934760734438896
2023-05-01 13:40:28.675000,-0.8646970987319946,-0.0023247560020536184
2023-05-01 13:41:28.637000,-0.7837474346160889,-0.0022070249542593956
2023-05-01 13:42:28.763000,-0.8378281593322754,-0.0023521764669567347
2023-05-01 13:43:28.707000,-0.7516893744468689,-0.002084104111418128
2023-05-01 13:44:28.603000,-0.7336826920509338,-0.002191555453464389
2023-05-01 13:45:28.695000,-1.0079541206359863,-0.0019483333453536034
2023-05-01 13:46:28.603000,-1.0479319095611572,-0.0021285475231707096
2023-05-01 13:47:28.726000,-1.08579683303833,-0.0022030952386558056
2023-05-01 13:48:28.606000,-1.0502349138259888,-0.0021689387504011393
2023-05-01 13:49:28.615000,-0.7901246547698975,-0.002111749956384301
2023-05-01 13:50:28.584000,-0.6838844418525696,-0.0023072727490216494
2023-05-01 13:51:28.637000,-0.7339072227478027,-0.0022189216688275337
2023-05-01 13:52:28.643000,-0.6803535223007202,-0.0022348095662891865
2023-05-01 13:53:28.576000,-0.6968575119972229,-0.0022656875662505627
2023-05-01 13:54:28.615000,-0.7127419710159302,-0.002230999991297722
2023-05-01 13:55:28.573000,-0.7079125046730042,-0.0021806154400110245
2023-05-01 13:56:28.638000,-0.6338225603103638,-0.0021633922588080168
2023-05-01 13:57:28.601000,-0.6460822820663452,-0.0021939799189567566
2023-05-01 13:58:28.671000,-0.6275133490562439,-0.002295281970873475
2023-05-01 13:59:28.669000,-0.6282161474227905,-0.002291933400556445
2023-05-01 14:00:28.562000,-0.7315232753753662,-0.0022576863411813974
2023-05-01 14:01:28.754000,-0.7397466897964478,-0.0022632619366049767
2023-05-01 14:02:28.584000,-0.7839910984039307,-0.00221975683234632
2023-05-01 14:03:28.708000,-0.6120331287384033,-0.0021068372298032045
2023-05-01 14:04:28.672000,-0.7518482208251953,-0.002125477185472846
2023-05-01 14:05:28.583000,-0.6563233137130737,-0.0023698261938989162
2023-05-01 14:06:28.620000,-0.6916848421096802,-0.002280999906361103
2023-05-01 14:07:28.591000,-0.729698657989502,-0.0023385907988995314
2023-05-01 14:08:28.800000,-0.6288515329360962,-0.002249521669000387
2023-05-01 14:09:28.572000,-0.7824286222457886,-0.002261387649923563
2023-05-01 14:10:28.629000,-0.6313737034797668,-0.0022317450493574142
2023-05-01 14:11:28.558000,-0.643941342830658,-0.0021927249617874622
2023-05-01 14:12:28.610000,-0.7695986032485962,-0.0022167707793414593
2023-05-01 14:13:28.656000,-0.6880249381065369,-0.0021844857838004827
2023-05-01 14:14:28.596000,-0.8578023910522461,-0.0023852414451539516
2023-05-01 14:15:28.600000,-1.093258023262024,-0.002177224960178137
2023-05-01 14:16:28.630000,-1.1487843990325928,-0.002213162835687399
2023-05-01 14:17:28.637000,-1.1555800437927246,-0.00202938006259501
2023-05-01 14:18:28.547000,-0.9199159741401672,-0.0021358889061957598
2023-05-01 14:19:28.531000,-0.8927455544471741,-0.0022235200740396976
2023-05-01 14:20:28.666000,-0.7777974009513855,-0.0021248541306704283
2023-05-01 14:21:28.535000,-0.7567065954208374,-0.002171384636312723
2023-05-01 14:22:28.638000,-0.7554813623428345,-0.0022931951098144054
2023-05-01 14:23:28.774000,-0.7154606580734253,-0.00213624001480639
2023-05-01 14:24:28.587000,-0.7393025159835815,-0.0022167291026562452
2023-05-01 14:25:28.587000,-0.7228628396987915,-0.0022667841985821724
2023-05-01 14:26:28.613000,-0.7481330633163452,-0.0021850625053048134
2023-05-01 14:27:28.623000,-0.8007802367210388,-0.0023585576564073563
2023-05-01 14:28:28.641000,-0.7966766357421875,-0.0022260600235313177
2023-05-01 14:29:28.616000,-1.0695101022720337,-0.002332019619643688
2023-05-01 14:30:28.574000,-1.6042304039001465,-0.002342020394280553
2023-05-01 14:31:28.670000,-1.6274077892303467,-0.0021943540778011084
2023-05-01 14:32:28.615000,-1.620638370513916,-0.002172148087993264
2023-05-01 14:33:28.650000,-1.556565523147583,-0.002248255303129554
2023-05-01 14:34:28.594000,-1.6301231384277344,-0.00222509796731174
2023-05-01 14:35:28.520000,-1.5069738626480103,-0.002257599961012602
2023-05-01 14:36:28.542000,-1.6597930192947388,-0.0022108510602265596
2023-05-01 14:37:28.576000,-1.5730705261230469,-0.002163533354178071
2023-05-01 14:38:28.615000,-1.6658982038497925,-0.0023181666620075703
2023-05-01 14:39:28.617000,-1.6241271495819092,-0.0023154790978878736
2023-05-01 14:40:28.585000,-1.5935232639312744,-0.0022951874416321516
2023-05-01 14:41:28.659000,-1.7168912887573242,-0.0023103461135178804
2023-05-01 14:42:28.571000,-1.5259140729904175,-0.0022644042037427425
2023-05-01 14:43:28.582000,-1.4962152242660522,-0.00226454995572567
2023-05-01 14:44:28.531000,-1.8297932147979736,-0.002324276603758335
2023-05-01 14:45:28.493000,-1.7781152725219727,-0.002206977689638734
2023-05-01 14:46:28.630000,-1.7964247465133667,-0.002205708995461464
2023-05-01 14:47:28.505000,-1.566467523574829,-0.0021751748863607645
2023-05-01 14:48:28.624000,-1.5355631113052368,-0.0022397609427571297
2023-05-01 14:49:28.646000,-1.4840987920761108,-0.002132104244083166
2023-05-01 14:50:28.631000,-1.3882046937942505,-0.0023625637404620647
2023-05-01 14:51:28.615000,-1.3791757822036743,-0.002181820571422577
2023-05-01 14:52:28.618000,-1.4108476638793945,-0.002200850984081626
2023-05-01 14:53:28.610000,-1.4622547626495361,-0.0020600680727511644
2023-05-01 14:54:28.512000,-1.5391035079956055,-0.002248583361506462
2023-05-01 14:55:28.696000,-1.537610411643982,-0.001966297859326005
2023-05-01 14:56:28.579000,-1.5459623336791992,-0.0018426458118483424
2023-05-01 14:57:28.646000,-1.5348600149154663,-0.0022659534588456154
2023-05-01 14:58:28.758000,-1.5419371128082275,-0.002269056625664234
2023-05-01 14:59:28.507000,-1.5691274404525757,-0.002086672466248274
2023-05-01 15:00:28.649000,-1.6327238082885742,-0.0023849522694945335
2023-05-01 15:01:28.508000,-1.696031093597412,-0.002629291731864214
2023-05-01 15:02:28.582000,-1.6653540134429932,-0.0022095434833317995
2023-05-01 15:03:28.592000,-1.5734763145446777,-0.0022313061635941267
2023-05-01 15:04:28.558000,-1.8356635570526123,-0.0020234230905771255
2023-05-01 15:05:28.537000,-1.5899847745895386,-0.00251424009911716
2023-05-01 15:06:28.583000,-1.639854907989502,-0.0023320000618696213
2023-05-01 15:07:28.600000,-1.3959251642227173,-0.0023860556539148092
2023-05-01 15:08:28.635000,-0.6109819412231445,-0.0021608462557196617
2023-05-01 15:09:28.498000,-0.7243876457214355,-0.002674044342711568
2023-05-01 15:10:28.482000,-0.5585684180259705,-0.0018746304558590055
2023-05-01 15:11:28.542000,-0.5525805950164795,-0.002415386261418462
2023-05-01 15:12:28.542000,-0.6485530138015747,-0.002011977368965745
2023-05-01 15:13:28.600000,-0.5109671354293823,-0.0024234468583017588
2023-05-01 15:14:28.634000,-0.8908378481864929,-0.0024235800374299288
2023-05-01 15:15:28.512000,-1.6462171077728271,-0.0020930415485054255
2023-05-01 15:16:28.528000,-2.749501943588257,-0.0025971578434109688
2023-05-01 15:17:28.472000,-1.5370407104492188,-0.0019706888124346733
2023-05-01 15:18:28.529000,-0.6404790282249451,-0.0023381218779832125
2023-05-01 15:19:28.616000,-0.5590305328369141,-0.0022854760754853487
2023-05-01 15:20:28.694000,-0.4852730929851532,-0.002226104261353612
2023-05-01 15:21:28.461000,-0.5132414698600769,-0.002297777682542801
2023-05-01 15:22:28.524000,-0.9907931089401245,-0.0024055582471191883
2023-05-01 15:23:28.608000,-1.4210349321365356,-0.0023648084606975317
2023-05-01 15:24:28.583000,-1.5310871601104736,-0.002224090974777937
2023-05-01 15:25:28.571000,-1.5651540756225586,-0.00203928560949862
2023-05-01 15:26:28.529000,-1.5224274396896362,-0.002503319177776575
2023-05-01 15:27:28.521000,-1.5294687747955322,-0.0019190869061276317
2023-05-01 15:28:28.536000,-1.5114043951034546,-0.0022427306976169348
2023-05-01 15:29:28.599000,-1.4462088346481323,-0.001984512899070978
2023-05-01 15:30:28.578000,-1.5263985395431519,-0.0022303571458905935
2023-05-01 15:31:28.501000,-1.6012320518493652,-0.002337200101464987
2023-05-01 15:32:28.531000,-1.4882092475891113,-0.002080699894577265
2023-05-01 15:33:28.572000,-1.389240026473999,-0.0023696909192949533
2023-05-01 15:34:28.463000,-1.398667335510254,-0.002154190558940172
2023-05-01 15:35:28.579000,-0.8499298691749573,-0.002072189236059785
2023-05-01 15:36:28.506000,-0.3746975064277649,-0.002143086167052388
2023-05-01 15:37:28.472000,-0.789118766784668,-0.0021720000077039003
2023-05-01 15:38:28.427000,-1.0937998294830322,-0.0021609999239444733
2023-05-01 15:39:28.518000,-0.5121132731437683,-0.0024213953875005245
2023-05-01 15:40:28.539000,-0.5286375284194946,-0.0022567620035260916
2023-05-01 15:41:28.569000,-0.4094521999359131,-0.0023357837926596403
2023-05-01 15:42:28.448000,-0.41527190804481506,-0.0021859728731215
2023-05-01 15:43:28.436000,-0.511968195438385,-0.002183107193559408
2023-05-01 15:44:28.558000,-0.7251538038253784,-0.002335787983611226
2023-05-01 15:45:28.543000,-0.9119364619255066,-0.0024017272517085075
2023-05-01 15:46:28.570000,-0.7214458584785461,-0.0021662856452167034
2023-05-01 15:47:28.410000,-0.6276357769966125,-0.0022449130192399025
2023-05-01 15:48:28.412000,-0.3490416705608368,-0.00251396163366735
2023-05-01 15:49:28.450000,-0.3627651035785675,-0.002265137853100896
2023-05-01 15:50:28.457000,-0.3445081114768982,-0.0022606176789849997
2023-05-01 15:51:28.548000,-0.31348347663879395,-0.0022888537496328354
2023-05-01 15:52:28.883000,-0.3717939853668213,-0.0022698035463690758
2023-05-01 15:53:29.002000,-0.29459527134895325,-0.0021861346904188395
2023-05-01 15:54:29.156000,-0.2941516935825348,-0.0022445532958954573
2023-05-01 15:55:29.107000,-0.3336940407752991,-0.0022700526751577854
2023-05-01 15:56:28.963000,-0.2947993874549866,-0.0020468055736273527
2023-05-01 15:57:29.242000,-0.3402799367904663,-0.002207587007433176
2023-05-01 15:58:29.154000,-0.4331125020980835,-0.0023779773619025946
2023-05-01 15:59:28.624000,-0.682805061340332,-0.002245367271825671
2023-05-01 16:00:28.432000,-0.5451160669326782,-0.0020237755961716175
2023-05-01 16:01:28.566000,-0.531241238117218,-0.002166204620152712
2023-05-01 16:02:28.462000,-0.5026646852493286,-0.002342547057196498
2023-05-01 16:03:28.480000,-0.5237545371055603,-0.0023008654825389385
2023-05-01 16:04:28.432000,-0.5035460591316223,-0.002432348905131221
2023-05-01 16:05:28.445000,-0.5008845329284668,-0.0023453182075172663
2023-05-01 16:06:28.526000,-0.5224734544754028,-0.0022781218867748976
2023-05-01 16:07:28.437000,-0.5220919251441956,-0.0021871025674045086
2023-05-01 16:08:28.484000,-0.8301182389259338,-0.0022750000935047865
2023-05-01 16:09:28.423000,-0.6251839399337769,-0.002237777691334486
2023-05-01 16:10:28.417000,-0.7040628790855408,-0.0022977234330028296
2023-05-01 16:11:28.504000,-0.5039335489273071,-0.0022247692104429007
2023-05-01 16:12:28.461000,-0.48723557591438293,-0.0019548109266906977
2023-05-01 16:13:28.503000,-0.5755714774131775,-0.0021571351680904627
2023-05-01 16:14:28.569000,-0.5616458058357239,-0.0022511277347803116
2023-05-01 16:15:28.511000,-0.45195016264915466,-0.0019689167384058237
2023-05-01 16:16:28.489000,-0.4170217216014862,-0.002239166758954525
2023-05-01 16:17:28.442000,-0.5073986649513245,-0.0023777498863637447
2023-05-01 16:18:28.459000,-0.7294281721115112,-0.0022227501031011343
2023-05-01 16:19:28.568000,-0.7672242522239685,-0.0024417804088443518
2023-05-01 16:20:28.507000,-0.7143615484237671,-0.00221255817450583
2023-05-01 16:21:28.395000,-0.42200687527656555,-0.002385961590334773
2023-05-01 16:22:28.410000,-0.507740318775177,-0.002122866688296199
2023-05-01 16:23:28.430000,-0.5074419379234314,-0.0022546667605638504
2023-05-01 16:24:28.364000,-0.37989869713783264,-0.0021438957192003727
2023-05-01 16:25:28.452000,-0.37492606043815613,-0.0023982999846339226
2023-05-01 16:26:28.388000,-0.3684561252593994,-0.0021472221706062555
2023-05-01 16:27:28.446000,-0.3894963562488556,-0.0022361110895872116
2023-05-01 16:28:28.397000,-0.3830397129058838,-0.0023573958314955235
2023-05-01 16:29:28.429000,-0.41043150424957275,-0.002290131989866495
2023-05-01 16:30:28.495000,-0.4512898027896881,-0.0023248649667948484
2023-05-01 16:31:28.385000,-0.43712207674980164,-0.0021385347936302423
2023-05-01 16:32:28.458000,-0.4596472680568695,-0.002350853756070137
2023-05-01 16:33:28.411000,-0.4874032735824585,-0.0022397658322006464
2023-05-01 16:34:28.391000,-0.5306380391120911,-0.002588750096037984
2023-05-01 16:35:28.521000,-0.5726473927497864,-0.002497972920536995
2023-05-01 16:36:28.391000,-0.6842347383499146,-0.002528673503547907
2023-05-01 16:37:28.526000,-0.6694181561470032,-0.0021643571089953184
2023-05-01 16:38:28.524000,-0.5692999362945557,-0.0022462245542556047
2023-05-01 16:39:28.424000,-0.5050221681594849,-0.002053638221696019
2023-05-01 16:40:28.376000,-0.5021134614944458,-0.001708888914436102
2023-05-01 16:41:28.372000,-0.6577664613723755,-0.002164307748898864
2023-05-01 16:42:28.443000,-0.49512067437171936,-0.0021170666441321373
2023-05-01 16:43:28.382000,-0.5030409097671509,-0.001706531853415072
2023-05-01 16:44:28.493000,-0.5866502523422241,-0.0027099649887531996
2023-05-01 16:45:28.368000,-0.4406648576259613,-0.002360863611102104
2023-05-01 16:46:28.719000,-0.4217517673969269,-0.0021542198956012726
2023-05-01 16:47:28.407000,-0.5985337495803833,-0.002117416588589549
2023-05-01 16:48:28.521000,-0.4246373176574707,-0.0020115110091865063
2023-05-01 16:49:28.376000,-0.4583742916584015,-0.002352688927203417
2023-05-01 16:50:28.422000,-0.6134762763977051,-0.0024073952808976173
2023-05-01 16:51:28.444000,-0.7254573106765747,-0.0024666190147399902
2023-05-01 16:52:28.375000,-0.8525748252868652,-0.0024469788186252117
2023-05-01 16:53:28.404000,-0.773039698600769,-0.002235977677628398
2023-05-01 16:54:28.380000,-0.6067861914634705,-0.0020940278191119432
2023-05-01 16:55:28.400000,-0.44956451654434204,-0.0023604165762662888
2023-05-01 16:56:28.388000,-0.41201406717300415,-0.002293312456458807
2023-05-01 16:57:28.437000,-0.4335314929485321,-0.0025135399773716927
2023-05-01 16:58:28.521000,-0.38692957162857056,-0.00230052275583148
2023-05-01 16:59:28.360000,-0.3498215079307556,-0.00249360385350883
2023-05-01 17:00:28.342000,-0.38234010338783264,-0.002227861201390624
2023-05-01 17:01:28.476000,-0.3591665029525757,-0.0023465852718800306
2023-05-01 17:02:28.434000,-0.2898077964782715,-0.0021405660081654787
2023-05-01 17:03:28.469000,-0.29663535952568054,-0.0022459998726844788
2023-05-01 17:04:28.378000,-0.38687071204185486,-0.0021001333370804787
2023-05-01 17:05:28.324000,-0.418220192193985,-0.0021671249996870756
2023-05-01 17:06:28.385000,-0.37101155519485474,-0.0022737381514161825
2023-05-01 17:07:28.345000,-0.2576383352279663,-0.002277254592627287
2023-05-01 17:08:28.335000,-0.27708178758621216,-0.0021229730919003487
2023-05-01 17:09:28.325000,-0.3267391622066498,-0.002307833405211568
2023-05-01 17:10:28.367000,-0.3168363869190216,-0.002377571538090706
2023-05-01 17:11:28.374000,-0.3319988250732422,-0.002409636275842786
2023-05-01 17:12:28.363000,-0.28888431191444397,-0.002383749932050705
2023-05-01 17:13:28.482000,-0.33938026428222656,-0.0023045639973133802
2023-05-01 17:14:28.330000,-0.2920088768005371,-0.0023710790555924177
2023-05-01 17:15:28.398000,-0.480985552072525,-0.0022793507669121027
2023-05-01 17:16:28.381000,-0.30935680866241455,-0.002232024446129799
2023-05-01 17:17:28.390000,-0.3758821487426758,-0.002252170816063881
2023-05-01 17:18:28.293000,-0.3933803141117096,-0.0022585897240787745
2023-05-01 17:19:28.329000,-0.4559626877307892,-0.0023860407527536154
2023-05-01 17:20:28.392000,-0.5181349515914917,-0.0024790221359580755
2023-05-01 17:21:28.340000,-0.569128692150116,-0.002301208209246397
2023-05-01 17:22:28.328000,-0.38282522559165955,-0.002392282010987401
2023-05-01 17:23:28.502000,-0.34939202666282654,-0.0024755001068115234
2023-05-01 17:24:28.447000,-0.5443134903907776,-0.002019882434979081
2023-05-01 17:25:28.340000,-0.5570222735404968,-0.0024904871825128794
2023-05-01 17:26:28.435000,-0.6866759657859802,-0.0021465946920216084
2023-05-01 17:27:28.306000,-0.6667359471321106,-0.0024489189963787794
2023-05-01 17:28:28.371000,-0.4241059720516205,-0.0026206667535007
2023-05-01 17:29:28.330000,-0.3151789605617523,-0.0025794750545173883
2023-05-01 17:30:28.324000,-0.3010982573032379,-0.0024766381829977036
2023-05-01 17:31:28.354000,-0.28845667839050293,-0.002178127644583583
2023-05-01 17:32:28.341000,-0.34898796677589417,-0.0027008771430701017
2023-05-01 17:33:28.551000,-0.46564045548439026,-0.0018944848561659455
2023-05-01 17:34:28.344000,-0.6210426688194275,-0.0020901556126773357
2023-05-01 17:35:28.383000,-0.6205127239227295,-0.0020559090189635754
2023-05-01 17:36:28.374000,-0.5824048519134521,-0.00239169760607183
2023-05-01 17:37:28.425000,-0.6056987643241882,-0.0021935610566288233
2023-05-01 17:38:28.329000,-0.5005905032157898,-0.0024577707517892122
2023-05-01 17:39:28.446000,-0.505374550819397,-0.0023320834152400494
2023-05-01 17:40:28.293000,-0.5280125737190247,-0.002316477242857218
2023-05-01 17:41:28.411000,-0.5108125805854797,-0.0024907400365918875
2023-05-01 17:42:28.445000,-0.5176903605461121,-0.0023354182485491037
2023-05-01 17:43:28.319000,-0.49445366859436035,-0.0023796665482223034
2023-05-01 17:44:28.314000,-0.32660040259361267,-0.0025391620583832264
2023-05-01 17:45:28.411000,-0.36053550243377686,-0.0023666666820645332
2023-05-01 17:46:28.311000,-0.3324805498123169,-0.0022514043375849724
2023-05-01 17:47:28.411000,-0.31581056118011475,-0.0022032044362276793
2023-05-01 17:48:28.278000,-0.5380038022994995,-0.0021017708349972963
2023-05-01 17:49:28.355000,-0.43709155917167664,-0.0023186486214399338
2023-05-01 17:50:28.309000,-0.34168100357055664,-0.002199257258325815
2023-05-01 17:51:28.348000,-0.5529369115829468,-0.0023308913223445415
2023-05-01 17:52:28.422000,-0.4063698947429657,-0.002363465027883649
2023-05-01 17:53:28.392000,-0.40384480357170105,-0.0022217249497771263
2023-05-01 17:54:28.379000,-0.5016703009605408,-0.002172738080844283
2023-05-01 17:55:28.313000,-0.33855539560317993,-0.00227347738109529
2023-05-01 17:56:28.268000,-0.38118696212768555,-0.0022642631083726883
2023-05-01 17:57:28.311000,-0.48055964708328247,-0.002415379974991083
2023-05-01 17:58:28.318000,-0.5045263171195984,-0.0024004762526601553
2023-05-01 17:59:28.273000,-0.6766389608383179,-0.0022754736710339785
2023-05-01 18:00:28.423000,-0.6968879699707031,-0.0022804872132837772
2023-05-01 18:01:28.273000,-0.737505316734314,-0.0021275526378303766
2023-05-01 18:02:28.256000,-0.45132312178611755,-0.002292078919708729
2023-05-01 18:03:28.409000,-0.5249559879302979,-0.002376212738454342
2023-05-01 18:04:28.309000,-0.335737943649292,-0.0024259607307612896
2023-05-01 18:05:28.252000,-0.393597811460495,-0.0024473783560097218
2023-05-01 18:06:28.258000,-0.4574637711048126,-0.002492609666660428
2023-05-01 18:07:28.297000,-0.4708935618400574,-0.0024816154036670923
2023-05-01 18:08:28.346000,-0.48307639360427856,-0.0022833948023617268
2023-05-01 18:09:28.249000,-0.5015013813972473,-0.0022543901577591896
2023-05-01 18:10:28.448000,-0.4613840878009796,-0.002258023712784052
2023-05-01 18:11:28.284000,-0.5528026223182678,-0.002335723489522934
2023-05-01 18:12:28.363000,-0.6401748061180115,-0.002227473771199584
2023-05-01 18:13:28.283000,-0.6667672395706177,-0.002412404865026474
2023-05-01 18:14:28.262000,-0.6413987874984741,-0.002322135027498007
2023-05-01 18:15:28.285000,-0.6580165028572083,-0.0026451738085597754
2023-05-01 18:16:28.443000,-0.7016533613204956,-0.0021492955274879932
2023-05-01 18:17:28.303000,-0.6886104941368103,-0.00194089999422431
2023-05-01 18:18:28.264000,-0.678452730178833,-0.0024314902257174253
2023-05-01 18:19:28.325000,-0.8140496015548706,-0.0026000612415373325
2023-05-01 18:20:28.390000,-0.804655134677887,-0.002679412951692939
2023-05-01 18:21:28.267000,-0.8299503922462463,-0.0022672400809824467
2023-05-01 18:22:28.240000,-0.6699081659317017,-0.0023084182757884264
2023-05-01 18:23:28.253000,-0.7576208710670471,-0.002090244321152568
2023-05-01 18:24:28.366000,-0.6893351078033447,-0.002531672827899456
2023-05-01 18:25:28.220000,-0.6828676462173462,-0.0026953171472996473
2023-05-01 18:26:28.263000,-0.7676262259483337,-0.002779749920591712
2023-05-01 18:27:28.365000,-0.6637811660766602,-0.0023157084360718727
2023-05-01 18:28:28.212000,-0.6386903524398804,-0.0024368667509406805
2023-05-01 18:29:28.241000,-0.6384215354919434,-0.0019514999585226178
2023-05-01 18:30:28.293000,-0.6747679710388184,-0.0022440000902861357
2023-05-01 18:31:28.378000,-0.8151214718818665,-0.0020476579666137695
2023-05-01 18:32:28.261000,-0.9492413997650146,-0.002561214379966259
2023-05-01 18:33:28.269000,-0.9410985708236694,-0.0022979474160820246
2023-05-01 18:34:28.249000,-0.5857484340667725,-0.0024407755117863417
2023-05-01 18:35:28.216000,-0.5652996897697449,-0.0023098946548998356
2023-05-01 18:36:28.272000,-0.510358989238739,-0.0022142038214951754
2023-05-01 18:37:28.226000,-0.5709053874015808,-0.002377157798036933
2023-05-01 18:38:28.254000,-0.5562922954559326,-0.0023779808543622494
2023-05-01 18:39:28.354000,-0.5496757626533508,-0.0022756110411137342
2023-05-01 18:40:28.262000,-0.5502359867095947,-0.0023487755097448826
2023-05-01 18:41:28.250000,-0.5926921963691711,-0.0023973488714545965
2023-05-01 18:42:28.255000,-0.5491188168525696,-0.002461270894855261
2023-05-01 18:43:28.229000,-0.5820590853691101,-0.002295717364177108
2023-05-01 18:44:28.220000,-0.6015430688858032,-0.0022655713837593794
2023-05-01 18:45:28.321000,-0.6426370739936829,-0.0021206410601735115
2023-05-01 18:46:28.217000,-0.6143618226051331,-0.002409833250567317
2023-05-01 18:47:28.199000,-0.6049650311470032,-0.0025407872162759304
2023-05-01 18:48:28.277000,-0.6411209106445312,-0.002252577804028988
2023-05-01 18:49:28.343000,-0.6011044383049011,-0.0023259574081748724
2023-05-01 18:50:28.215000,-0.684272050857544,-0.0022957250475883484
2023-05-01 18:51:28.262000,-0.6206279993057251,-0.002334565157070756
2023-05-01 18:52:28.265000,-0.5005063414573669,-0.0024106053169816732
2023-05-01 18:53:28.275000,-0.3707955777645111,-0.0023921707179397345
2023-05-01 18:54:28.284000,-0.3675197958946228,-0.00225048721767962
2023-05-01 18:55:28.270000,-0.5357705950737,-0.0023064783308655024
2023-05-01 18:56:28.295000,-0.47052404284477234,-0.0023072126787155867
2023-05-01 18:57:28.226000,-0.48465126752853394,-0.0024878913536667824
2023-05-01 18:58:28.199000,-0.6338744759559631,-0.0024833062198013067
2023-05-01 18:59:28.294000,-0.4817250669002533,-0.002433509798720479
2023-05-01 19:00:28.194000,-0.46684694290161133,-0.002566999988630414
2023-05-01 19:01:28.199000,-0.5654058456420898,-0.0024785909336060286
2023-05-01 19:02:28.419000,-0.4023452401161194,-0.0022836222779005766
2023-05-01 19:03:28.202000,-0.5036424398422241,-0.0022933254949748516
2023-05-01 19:04:28.209000,-0.5583889484405518,-0.002716043498367071
2023-05-01 19:05:28.355000,-0.8719844818115234,-0.0026499787345528603
2023-05-01 19:06:28.243000,-0.824185311794281,-0.0024805122520774603
2023-05-01 19:07:28.259000,-0.8600106239318848,-0.0027508919592946768
2023-05-01 19:08:28.218000,-0.7250739932060242,-0.0024726828560233116
2023-05-01 19:09:28.243000,-0.5617585182189941,-0.0027298000641167164
2023-05-01 19:10:28.247000,-0.49608251452445984,-0.002412916626781225
2023-05-01 19:11:28.284000,-0.48104920983314514,-0.0025802399031817913
2023-05-01 19:12:28.158000,-0.4614247977733612,-0.0024776842910796404
2023-05-01 19:13:28.192000,-0.4570482075214386,-0.0023295111022889614
2023-05-01 19:14:28.222000,-0.4753711521625519,-0.002345999935641885
2023-05-01 19:15:28.247000,-0.4697513282299042,-0.0022441316395998
2023-05-01 19:16:28.339000,-0.47629979252815247,-0.0023151631467044353
2023-05-01 19:17:28.200000,-0.48435744643211365,-0.002504846081137657
2023-05-01 19:18:28.193000,-0.5261254906654358,-0.002382743638008833
2023-05-01 19:19:28.174000,-0.5072368383407593,-0.002192616928368807
2023-05-01 19:20:28.220000,-0.47699496150016785,-0.002072787145152688
2023-05-01 19:21:28.182000,-0.5014477968215942,-0.002052048686891794
2023-05-01 19:22:28.306000,-0.5800302028656006,-0.002301047556102276
2023-05-01 19:23:28.230000,-0.4342948794364929,-0.0023891914170235395
2023-05-01 19:24:28.207000,-0.408610999584198,-0.0025029198732227087
2023-05-01 19:25:28.179000,-0.4189436733722687,-0.0024161364417523146
2023-05-01 19:26:28.217000,-0.3976267874240875,-0.0024924324825406075
2023-05-01 19:27:28.170000,-0.4258403778076172,-0.002427166560664773
2023-05-01 19:28:28.162000,-0.4567323625087738,-0.0024480943102389574
2023-05-01 19:29:28.194000,-0.6913857460021973,-0.002423672704026103
2023-05-01 19:30:28.188000,-0.5367463231086731,-0.002468893537297845
2023-05-01 19:31:28.213000,-0.657863199710846,-0.002377825090661645
2023-05-01 19:32:28.206000,-0.49531203508377075,-0.0023711458779871464
2023-05-01 19:33:28.270000,-0.47920140624046326,-0.002393224975094199
2023-05-01 19:34:28.170000,-0.5956531167030334,-0.0024964145850390196
2023-05-01 19:35:28.143000,-0.5885938405990601,-0.0023816341999918222
2023-05-01 19:36:28.172000,-0.5771979689598083,-0.002300755586475134
2023-05-01 19:37:28.157000,-0.6615267395973206,-0.002417400013655424
2023-05-01 19:38:28.165000,-0.5026925802230835,-0.0023512609768658876
2023-05-01 19:39:28.193000,-0.7516706585884094,-0.002335702069103718
2023-05-01 19:40:28.150000,-0.8900055289268494,-0.0023649544455111027
2023-05-01 19:41:28.291000,-0.948406994342804,-0.002342428546398878
2023-05-01 19:42:28.144000,-0.7048872113227844,-0.0023509999737143517
2023-05-01 19:43:28.144000,-0.5344642996788025,-0.002275536535307765
2023-05-01 19:44:28.160000,-0.4975580871105194,-0.002545264083892107
2023-05-01 19:45:28.285000,-0.40583834052085876,-0.0024684167001396418
2023-05-01 19:46:28.266000,-0.43457844853401184,-0.002447688952088356
2023-05-01 19:47:28.307000,-0.4220256209373474,-0.0025768333580344915
2023-05-01 19:48:28.219000,-0.4209728240966797,-0.0023781959898769855
2023-05-01 19:49:28.275000,-0.41764482855796814,-0.0022713332436978817
2023-05-01 19:50:28.109000,-0.4259755313396454,-0.0024460589047521353
2023-05-01 19:51:28.279000,-0.46933525800704956,-0.0025506585370749235
2023-05-01 19:52:28.206000,-0.5124886631965637,-0.0021142708137631416
2023-05-01 19:53:28.191000,-0.6339426040649414,-0.002548979129642248
2023-05-01 19:54:28.338000,-0.5818942785263062,-0.002340259263291955
2023-05-01 19:55:28.120000,-0.4357216954231262,-0.0021875682286918163
2023-05-01 19:56:28.165000,-0.4190877079963684,-0.002364937448874116
2023-05-01 19:57:28.238000,-0.46036913990974426,-0.002178926020860672
2023-05-01 19:58:28.157000,-0.46695569157600403,-0.0024724642280489206
2023-05-01 19:59:28.241000,-0.5298779606819153,-0.0021207209210842848
2023-05-01 20:00:28.234000,-0.6237261891365051,-0.0021691282745450735
2023-05-01 20:01:28.139000,-0.7095200419425964,-0.0022864185739308596
2023-05-01 20:02:28.172000,-0.6438996195793152,-0.0023588372860103846
2023-05-01 20:03:28.087000,-0.9779804944992065,-0.0025592390447854996
2023-05-01 20:04:28.142000,-0.9305048584938049,-0.0020061961840838194
2023-05-01 20:05:28.086000,-1.0535273551940918,-0.002566660288721323
2023-05-01 20:06:28.216000,-0.8546915650367737,-0.0024282438680529594
2023-05-01 20:07:28.146000,-0.8918010592460632,-0.0023833191953599453
2023-05-01 20:08:28.184000,-1.0054478645324707,-0.002266071503981948
2023-05-01 20:09:28.184000,-0.7404839992523193,-0.0025398919824510813
2023-05-01 20:10:28.098000,-0.8541291952133179,-0.0022889473475515842
2023-05-01 20:11:28.137000,-1.0520482063293457,-0.002339813858270645
2023-05-01 20:12:28.140000,-1.6733695268630981,-0.0023719999007880688
2023-05-01 20:13:28.178000,-0.987493097782135,-0.0023735961876809597
2023-05-01 20:14:28.074000,-0.6407201290130615,-0.0023059332743287086
2023-05-01 20:15:28.143000,-0.7633801698684692,-0.002261027693748474
2023-05-01 20:16:28.071000,-0.7102042436599731,-0.0023101852275431156
2023-05-01 20:17:28.109000,-0.7347853183746338,-0.00219933339394629
2023-05-01 20:18:28.250000,-0.7545453906059265,-0.002342244377359748
2023-05-01 20:19:28.143000,-0.6232109069824219,-0.0021521064918488264
2023-05-01 20:20:28.166000,-0.6150494813919067,-0.0022932630963623524
2023-05-01 20:21:28.079000,-0.6261206865310669,-0.0023216779809445143
2023-05-01 20:22:28.092000,-0.6894636154174805,-0.0024412553757429123
2023-05-01 20:23:28.118000,-0.6784735918045044,-0.0024778000079095364
2023-05-01 20:24:28.085000,-0.7462007403373718,-0.0024840980768203735
2023-05-01 20:25:28.076000,-0.8651266694068909,-0.0024348620790988207
2023-05-01 20:26:28.159000,-0.762224018573761,-0.0024084339383989573
2023-05-01 20:27:28.210000,-0.7067034244537354,-0.0024005083832889795
2023-05-01 20:28:28.070000,-0.6812518239021301,-0.0023890500888228416
2023-05-01 20:29:28.066000,-0.7025185823440552,-0.002767388941720128
2023-05-01 20:30:28.112000,-0.7439772486686707,-0.0024788500741124153
2023-05-01 20:31:28.094000,-0.8559269905090332,-0.002244449919089675
2023-05-01 20:32:28.140000,-0.9458150863647461,-0.002459633396938443
2023-05-01 20:33:28.141000,-0.8214071393013,-0.002522509079426527
2023-05-01 20:34:28.112000,-0.924007773399353,-0.0020162765868008137
2023-05-01 20:35:28.092000,-0.8145963549613953,-0.0025797924026846886
2023-05-01 20:36:28.070000,-1.0374788045883179,-0.0025669322349131107
2023-05-01 20:37:28.159000,-1.194814682006836,-0.0021616551093757153
2023-05-01 20:38:28.118000,-1.148823857307434,-0.002336661098524928
2023-05-01 20:39:28.112000,-1.2171849012374878,-0.002159413881599903
2023-05-01 20:40:28.090000,-2.3466620445251465,-0.0018950178055092692
2023-05-01 20:41:28.163000,-3.158496856689453,-0.0024300741497427225
2023-05-01 20:42:28.173000,-3.366243600845337,-0.002293860074132681
2023-05-01 20:43:28.103000,-3.531318426132202,-0.002658113604411483
2023-05-01 20:44:28.094000,-3.5001120567321777,-0.002291333395987749
2023-05-01 20:45:28.064000,-2.3710060119628906,-0.002645820379257202
2023-05-01 20:46:28.087000,-1.1850565671920776,-0.0021559346932917833
2023-05-01 20:47:28.070000,-1.226387858390808,-0.0023107221350073814
2023-05-01 20:48:28.132000,-1.1906028985977173,-0.0022588628344237804
2023-05-01 20:49:28.149000,-1.2657486200332642,-0.0023210817016661167
2023-05-01 20:50:28.054000,-1.046548843383789,-0.002338099991902709
2023-05-01 20:51:28.115000,-1.0016956329345703,-0.0022830714005976915
2023-05-01 20:52:28.038000,-1.0600281953811646,-0.002271946519613266
2023-05-01 20:53:28.105000,-0.9346745014190674,-0.00258834776468575
2023-05-01 20:54:28.049000,-1.130571722984314,-0.0024569600354880095
2023-05-01 20:55:28.073000,-1.3542999029159546,-0.00243863882496953
2023-05-01 20:56:28.021000,-1.0367388725280762,-0.0023531499318778515
2023-05-01 20:57:28.049000,-0.9422328472137451,-0.001872981432825327
2023-05-01 20:58:28.120000,-1.0037057399749756,0.00669109309092164
2023-05-01 20:59:28.226000,-1.0903950929641724,0.0002634999982547015
2023-05-01 21:00:28.031000,-1.102735161781311,0.0026917222421616316
2023-05-01 21:01:28.164000,-0.9302047491073608,0.004139117430895567
2023-05-01 21:02:28.092000,-1.004981279373169,0.0051598441787064075
2023-05-01 21:03:28.034000,-1.0424805879592896,0.005968236364424229
2023-05-01 21:04:28.088000,-0.9377111792564392,0.006942526437342167
2023-05-01 21:05:28.071000,-0.7602596879005432,0.007671444211155176
2023-05-01 21:06:28.135000,-1.3271676301956177,0.00792593602091074
2023-05-01 21:07:28.062000,-1.386394739151001,0.009140470996499062
2023-05-01 21:08:28.060000,-1.2629849910736084,0.010240629315376282
2023-05-01 21:09:28.019000,-1.3297501802444458,0.010562499985098839
2023-05-01 21:10:28.111000,-1.1548330783843994,0.01187188271433115
2023-05-01 21:11:28.154000,-1.219250202178955,0.013031374663114548
2023-05-01 21:12:28.129000,-1.232048511505127,0.014804069884121418
2023-05-01 21:13:28.108000,-1.2709685564041138,0.016025599092245102
2023-05-01 21:14:28.020000,-1.025449275970459,0.017392268404364586
2023-05-01 21:15:28.083000,-0.9723387360572815,0.019209468737244606
2023-05-01 21:16:28.100000,-1.1020485162734985,0.020566800609230995
2023-05-01 21:17:28.119000,-1.2022587060928345,0.022005200386047363
2023-05-01 21:18:28.067000,-1.0279639959335327,0.0235972311347723
2023-05-01 21:19:28.022000,-1.0453846454620361,0.02558550052344799
2023-05-01 21:20:28.025000,-1.1444793939590454,0.02734474465250969
2023-05-01 21:21:28.056000,-1.0355862379074097,0.029226375743746758
2023-05-01 21:22:28.025000,-0.9804231524467468,0.03192060440778732
2023-05-01 21:23:28.053000,-1.1038981676101685,0.03451889753341675
2023-05-01 21:24:28.049000,-1.2039515972137451,0.03719159960746765
2023-05-01 21:25:28.081000,-1.293052315711975,0.04018451273441315
2023-05-01 21:26:28.101000,-0.9184438586235046,0.04289143532514572
2023-05-01 21:27:28.080000,-0.8198590874671936,0.045573294162750244
2023-05-01 21:28:28.046000,-0.8324399590492249,0.047844916582107544
2023-05-01 21:29:28.180000,-0.9322623014450073,0.05021372437477112
2023-05-01 21:30:28.006000,-0.8616448640823364,0.0522715263068676
2023-05-01 21:31:28.131000,-0.8788836598396301,0.054607000201940536
2023-05-01 21:32:28.038000,-0.9181265830993652,0.057012852281332016
2023-05-01 21:33:27.977000,-1.1423612833023071,0.05887899920344353
2023-05-01 21:34:27.972000,-1.1225134134292603,0.060934826731681824
2023-05-01 21:35:27.993000,-1.1563700437545776,0.06268129497766495
2023-05-01 21:36:28,-1.1724451780319214,0.06428226083517075
2023-05-01 21:37:28.054000,-1.2341959476470947,0.06595136225223541
2023-05-01 21:38:28.051000,-1.2534679174423218,0.06770295649766922
2023-05-01 21:39:28.055000,-1.1103990077972412,0.06900423765182495
2023-05-01 21:40:28.046000,-1.0021145343780518,0.07010531425476074
2023-05-01 21:41:27.999000,-0.938178539276123,0.07060225307941437
2023-05-01 21:42:28.021000,-0.9195482730865479,0.07117776572704315
2023-05-01 21:43:28.107000,-0.9438626170158386,0.07076725363731384
2023-05-01 21:44:28.032000,-0.9317898154258728,0.071025550365448
2023-05-01 21:45:28.128000,-1.015769362449646,0.07047826051712036
2023-05-01 21:46:28.041000,-0.9898972511291504,0.07106780260801315
2023-05-01 21:47:28.006000,-0.9641116857528687,0.07191335409879684
2023-05-01 21:48:27.968000,-0.9553812742233276,0.07295059412717819
2023-05-01 21:49:28.062000,-0.9604077339172363,0.07370907813310623
2023-05-01 21:50:27.957000,-1.0346232652664185,0.07426811754703522
2023-05-01 21:51:27.987000,-1.1014840602874756,0.07530704885721207
2023-05-01 21:52:28.198000,-1.242661952972412,0.0760447233915329
2023-05-01 21:53:28.864000,-1.4147999286651611,0.07471144199371338
2023-05-01 21:54:28.169000,-1.3879188299179077,0.15119534730911255
2023-05-01 21:55:28.098000,-1.3950836658477783,0.19113917648792267
2023-05-01 21:56:28.232000,-1.7070252895355225,0.19460667669773102
2023-05-01 21:57:28.236000,-3.0528178215026855,0.19658909738063812
2023-05-01 21:58:28.143000,-3.0113296508789062,0.1995621770620346
2023-05-01 21:59:28.584000,-3.0840814113616943,0.2028426229953766
2023-05-01 22:00:27.999000,-3.16082501411438,0.2039756178855896
2023-05-01 22:01:27.978000,-3.2092363834381104,0.20609498023986816
2023-05-01 22:02:27.986000,-3.1893391609191895,0.20799943804740906
2023-05-01 22:03:28.021000,-3.1964926719665527,0.20900122821331024
2023-05-01 22:04:27.960000,-3.2870261669158936,0.2130037546157837
2023-05-01 22:05:27.977000,-3.305532455444336,0.21696442365646362
2023-05-01 22:06:27.971000,-3.3463058471679688,0.22151489555835724
2023-05-01 22:07:27.983000,-3.209402561187744,0.2258804440498352
2023-05-01 22:08:27.991000,-3.2650833129882812,0.23358969390392303
2023-05-01 22:09:28.031000,-3.1681387424468994,0.2419823557138443
2023-05-01 22:10:27.964000,-3.2028021812438965,0.24873585999011993
2023-05-01 22:11:28.063000,-3.317805290222168,0.25478991866111755
2023-05-01 22:12:27.959000,-3.4028067588806152,0.26065394282341003
2023-05-01 22:13:27.980000,-2.194967269897461,0.26528388261795044
2023-05-01 22:14:28.012000,-1.9594122171401978,0.26829859614372253
2023-05-01 22:15:27.971000,-1.8905835151672363,0.26861870288848877
2023-05-01 22:16:28.026000,-1.8320424556732178,0.26525330543518066
2023-05-01 22:17:27.925000,-1.8124667406082153,0.26477688550949097
2023-05-01 22:18:27.946000,-1.804441213607788,0.2667771577835083
2023-05-01 22:19:27.936000,-1.8302713632583618,0.26682591438293457
2023-05-01 22:20:27.947000,-1.7645437717437744,0.2638387084007263
2023-05-01 22:21:27.991000,-1.7277600765228271,0.26046550273895264
2023-05-01 22:22:27.999000,-1.5801242589950562,0.26013585925102234
2023-05-01 22:23:27.976000,-1.5722650289535522,0.2621252238750458
2023-05-01 22:24:28.011000,-1.6107105016708374,0.26194968819618225
2023-05-01 22:25:28.022000,-1.649312138557434,0.260354220867157
2023-05-01 22:26:28.019000,-1.69831120967865,0.25682494044303894
2023-05-01 22:27:28.048000,-1.680189609527588,0.26067179441452026
2023-05-01 22:28:27.915000,-1.8072888851165771,0.2659774124622345
2023-05-01 22:29:28.013000,-1.694322943687439,0.27345773577690125
2023-05-01 22:30:27.940000,-1.600460410118103,0.28146353363990784
2023-05-01 22:31:27.944000,-1.423899531364441,0.28358209133148193
2023-05-01 22:32:28.066000,-1.4037916660308838,0.28189146518707275
2023-05-01 22:33:28.062000,-1.4185802936553955,0.2990749478340149
2023-05-01 22:34:27.945000,-1.305387258529663,0.34502318501472473
2023-05-01 22:35:27.960000,-1.2541313171386719,0.37457743287086487
2023-05-01 22:36:28.104000,-1.2758867740631104,0.38814666867256165
2023-05-01 22:37:27.933000,-1.211435079574585,0.39290258288383484
2023-05-01 22:38:27.920000,-1.211130976676941,0.3761993646621704
2023-05-01 22:39:27.985000,-1.2013628482818604,0.40968936681747437
2023-05-01 22:40:27.945000,-1.212354063987732,0.4441303610801697
2023-05-01 22:41:28.058000,-1.3777647018432617,0.4351567327976227
2023-05-01 22:42:27.940000,-1.463858723640442,0.43291693925857544
2023-05-01 22:43:27.872000,-1.3961480855941772,0.43378061056137085
2023-05-01 22:44:28.212000,-1.3792598247528076,0.4372220039367676
2023-05-01 22:45:27.947000,-1.2979576587677002,0.4389839768409729
2023-05-01 22:46:27.967000,-1.2579185962677002,0.4501541256904602
2023-05-01 22:47:28.027000,-1.26492440700531,0.4676615297794342
2023-05-01 22:48:27.878000,-1.24126398563385,0.5032135248184204
2023-05-01 22:49:27.882000,-1.1962380409240723,0.46288156509399414
2023-05-01 22:50:28.016000,-0.7980788946151733,0.508551299571991
2023-05-01 22:51:27.970000,-0.8264663219451904,0.5846295356750488
2023-05-01 22:52:27.914000,-0.784572958946228,0.6284167170524597
2023-05-01 22:53:27.890000,-0.7757600545883179,0.6408277750015259
2023-05-01 22:54:27.882000,-0.7696620225906372,0.6672428250312805
2023-05-01 22:55:27.925000,-0.7026897072792053,0.6516208052635193
2023-05-01 22:56:27.898000,-0.7742322087287903,0.637548565864563
2023-05-01 22:57:27.922000,-0.781745195388794,0.6479954123497009
2023-05-01 22:58:27.882000,-0.7907129526138306,0.6678774356842041
2023-05-01 22:59:27.955000,-0.9069798588752747,0.6521684527397156
2023-05-01 23:00:27.985000,-0.904872477054596,0.6506635546684265
2023-05-01 23:01:27.899000,-0.7668945789337158,0.7054328918457031
2023-05-01 23:02:28.027000,-0.7296711206436157,0.7083081603050232
2023-05-01 23:03:27.986000,-0.46534016728401184,0.6958792209625244
2023-05-01 23:04:28.014000,-0.4870481789112091,0.7195897698402405
2023-05-01 23:05:27.905000,-0.5448158979415894,0.7183105945587158
2023-05-01 23:06:27.883000,-0.6115699410438538,0.7348767518997192
2023-05-01 23:07:27.912000,-0.5816552639007568,0.7494850754737854
2023-05-01 23:08:28.071000,-0.6286699175834656,0.7637220621109009
2023-05-01 23:09:27.883000,-0.6534278392791748,0.7963634729385376
2023-05-01 23:10:27.962000,-0.6935032606124878,0.8192834854125977
2023-05-01 23:11:27.916000,-0.7145825624465942,0.7801135778427124
2023-05-01 23:12:27.872000,-0.7985979914665222,0.7976347208023071
2023-05-01 23:13:27.978000,-0.6031156778335571,0.7979974150657654
2023-05-01 23:14:27.996000,-0.5585677623748779,0.7788793444633484
2023-05-01 23:15:27.974000,-0.37752610445022583,0.7687760591506958
2023-05-01 23:16:27.916000,-0.3420747220516205,0.8020873069763184
2023-05-01 23:17:28.041000,-0.4028240740299225,0.8422579765319824
2023-05-01 23:18:27.885000,-0.4683160185813904,0.9072480797767639
2023-05-01 23:19:27.972000,-0.5695357322692871,0.9315463304519653
2023-05-01 23:20:27.807000,-0.41520270705223083,0.9428280591964722
2023-05-01 23:21:27.884000,-0.425471693277359,0.9725043773651123
2023-05-01 23:22:28.107000,-0.40060821175575256,0.9704200029373169
2023-05-01 23:23:27.858000,-0.3569106459617615,0.937334418296814
2023-05-01 23:24:27.845000,-0.3650364577770233,0.9378761053085327
2023-05-01 23:25:27.862000,-0.33688056468963623,0.9831913709640503
2023-05-01 23:26:27.954000,-0.3626358211040497,0.9929530620574951
2023-05-01 23:27:27.858000,-0.34590908885002136,0.901055634021759
2023-05-01 23:28:27.874000,-0.368088960647583,0.8549021482467651
2023-05-01 23:29:28.005000,-0.4122123122215271,0.8433100581169128
2023-05-01 23:30:27.913000,-0.5360181927680969,0.7840975522994995
2023-05-01 23:31:27.922000,-0.5422468185424805,0.7420072555541992
2023-05-01 23:32:27.963000,-0.45967909693717957,0.8080883026123047
2023-05-01 23:33:27.899000,-0.4458662271499634,0.8414973020553589
2023-05-01 23:34:27.977000,-0.4800039231777191,0.9381519556045532
2023-05-01 23:35:27.928000,-0.46056801080703735,0.9081676006317139
2023-05-01 23:36:27.978000,-0.5168160200119019,0.8264525532722473
2023-05-01 23:37:27.832000,-0.5177525281906128,0.7872442007064819
2023-05-01 23:38:27.896000,-0.4992980360984802,0.8521348834037781
2023-05-01 23:39:28.239000,-0.5650464296340942,1.0127229690551758
2023-05-01 23:40:27.843000,-0.5552873015403748,1.0835868120193481
2023-05-01 23:41:27.898000,-0.5796197056770325,1.125622272491455
2023-05-01 23:42:27.971000,-0.46467941999435425,1.163079857826233
2023-05-01 23:43:27.907000,-0.4492366909980774,1.1288522481918335
2023-05-01 23:44:27.835000,-0.4534096121788025,1.320255160331726
2023-05-01 23:45:27.890000,-0.4714571237564087,1.3382270336151123
2023-05-01 23:46:28.052000,-0.3045751750469208,1.408227562904358
2023-05-01 23:47:27.894000,-0.30907031893730164,1.2726341485977173
2023-05-01 23:48:27.935000,-0.27488526701927185,1.2616770267486572
2023-05-01 23:49:27.883000,-0.31798145174980164,1.3965058326721191
